orderid,analysis,runFolder,snsv_vcf,cnv_vcf,sv_vcf,bam
211465,WES,S7100_20231128_0930,/cegatbucket/cegatsamples/S7100_20231128_0930/03_small_variants/211465_S7100Nr1838_S000021.snvs_indels.vcf.gz,/cegatbucket/cegatsamples/S7100_20231128_0930/05_structural_variations/211465_S7100Nr1838_S000021.cnv.vcf.gz,/cegatbucket/cegatsamples/S7100_20231128_0930/05_structural_variations/211465_S7100Nr1838_S000021.sv.vcf.gz,/cegatbucket/cegatsamples/S7100_20231128_0930/02_bam/211465_S7100Nr1838_S000021.bam
211511,WES,S7100_20231128_0930,/cegatbucket/cegatsamples/S7100_20231128_0930/03_small_variants/211511_S7100Nr1892_S000021.snvs_indels.vcf.gz,/cegatbucket/cegatsamples/S7100_20231128_0930/05_structural_variations/211511_S7100Nr1892_S000021.cnv.vcf.gz,/cegatbucket/cegatsamples/S7100_20231128_0930/05_structural_variations/211511_S7100Nr1892_S000021.sv.vcf.gz,/cegatbucket/cegatsamples/S7100_20231128_0930/02_bam/211511_S7100Nr1892_S000021.bam
211518,WES,S7100_20231128_0930,/cegatbucket/cegatsamples/S7100_20231128_0930/03_small_variants/211518_S7100Nr1907_S000021.snvs_indels.vcf.gz,/cegatbucket/cegatsamples/S7100_20231128_0930/05_structural_variations/211518_S7100Nr1907_S000021.cnv.vcf.gz,/cegatbucket/cegatsamples/S7100_20231128_0930/05_structural_variations/211518_S7100Nr1907_S000021.sv.vcf.gz,/cegatbucket/cegatsamples/S7100_20231128_0930/02_bam/211518_S7100Nr1907_S000021.bam
211585,WES,S7100_20231128_0930,/cegatbucket/cegatsamples/S7100_20231128_0930/03_small_variants/211585_S7100Nr1928_S000021.snvs_indels.vcf.gz,/cegatbucket/cegatsamples/S7100_20231128_0930/05_structural_variations/211585_S7100Nr1928_S000021.cnv.vcf.gz,/cegatbucket/cegatsamples/S7100_20231128_0930/05_structural_variations/211585_S7100Nr1928_S000021.sv.vcf.gz,/cegatbucket/cegatsamples/S7100_20231128_0930/02_bam/211585_S7100Nr1928_S000021.bam
211586,WES,S7100_20231128_0930,/cegatbucket/cegatsamples/S7100_20231128_0930/03_small_variants/211586_S7100Nr1927_S000021.snvs_indels.vcf.gz,/cegatbucket/cegatsamples/S7100_20231128_0930/05_structural_variations/211586_S7100Nr1927_S000021.cnv.vcf.gz,/cegatbucket/cegatsamples/S7100_20231128_0930/05_structural_variations/211586_S7100Nr1927_S000021.sv.vcf.gz,/cegatbucket/cegatsamples/S7100_20231128_0930/02_bam/211586_S7100Nr1927_S000021.bam
211353,WGS,S7100_231020_0952,/cegatbucket/cegatsamples/S7100_231020_0952/03_small_variants/211353_S7100Nr1754_wgs.snvs_indels.vcf.gz,/cegatbucket/cegatsamples/S7100_231020_0952/05_structural_variations/211353_S7100Nr1754_wgs.cnv.vcf.gz,/cegatbucket/cegatsamples/S7100_231020_0952/05_structural_variations/211353_S7100Nr1754_wgs.sv.vcf.gz,/cegatbucket/cegatsamples/S7100_231020_0952/02_bam/211353_S7100Nr1754_wgs.bam
211354,WGS,S7100_231020_0952,/cegatbucket/cegatsamples/S7100_231020_0952/03_small_variants/211354_S7100Nr1759_wgs.snvs_indels.vcf.gz,/cegatbucket/cegatsamples/S7100_231020_0952/05_structural_variations/211354_S7100Nr1759_wgs.cnv.vcf.gz,/cegatbucket/cegatsamples/S7100_231020_0952/05_structural_variations/211354_S7100Nr1759_wgs.sv.vcf.gz,/cegatbucket/cegatsamples/S7100_231020_0952/02_bam/211354_S7100Nr1759_wgs.bam
211356,WGS,S7100_231020_0952,/cegatbucket/cegatsamples/S7100_231020_0952/03_small_variants/211356_S7100Nr1756_wgs.snvs_indels.vcf.gz,/cegatbucket/cegatsamples/S7100_231020_0952/05_structural_variations/211356_S7100Nr1756_wgs.cnv.vcf.gz,/cegatbucket/cegatsamples/S7100_231020_0952/05_structural_variations/211356_S7100Nr1756_wgs.sv.vcf.gz,/cegatbucket/cegatsamples/S7100_231020_0952/02_bam/211356_S7100Nr1756_wgs.bam
211362,WGS,S7100_231020_0952,/cegatbucket/cegatsamples/S7100_231020_0952/03_small_variants/211362_S7100Nr1734_wgs.snvs_indels.vcf.gz,/cegatbucket/cegatsamples/S7100_231020_0952/05_structural_variations/211362_S7100Nr1734_wgs.cnv.vcf.gz,/cegatbucket/cegatsamples/S7100_231020_0952/05_structural_variations/211362_S7100Nr1734_wgs.sv.vcf.gz,/cegatbucket/cegatsamples/S7100_231020_0952/02_bam/211362_S7100Nr1734_wgs.bam
211369,WGS,S7100_231020_0952,/cegatbucket/cegatsamples/S7100_231020_0952/03_small_variants/211369_S7100Nr1748_wgs.snvs_indels.vcf.gz,/cegatbucket/cegatsamples/S7100_231020_0952/05_structural_variations/211369_S7100Nr1748_wgs.cnv.vcf.gz,/cegatbucket/cegatsamples/S7100_231020_0952/05_structural_variations/211369_S7100Nr1748_wgs.sv.vcf.gz,/cegatbucket/cegatsamples/S7100_231020_0952/02_bam/211369_S7100Nr1748_wgs.bam
211623,WGS,S7100_231205_0949,/cegatbucket/cegatsamples/S7100_231205_0949/03_small_variants/211623_S7100Nr1983_wgs.snvs_indels.vcf.gz,/cegatbucket/cegatsamples/S7100_231205_0949/05_structural_variations/211623_S7100Nr1983_wgs.cnv.vcf.gz,/cegatbucket/cegatsamples/S7100_231205_0949/05_structural_variations/211623_S7100Nr1983_wgs.sv.vcf.gz,/cegatbucket/cegatsamples/S7100_231205_0949/02_bam/211623_S7100Nr1983_wgs.bam
211653,WGS,S7100_231205_0949,/cegatbucket/cegatsamples/S7100_231205_0949/03_small_variants/211653_S7100Nr1988_wgs.snvs_indels.vcf.gz,/cegatbucket/cegatsamples/S7100_231205_0949/05_structural_variations/211653_S7100Nr1988_wgs.cnv.vcf.gz,/cegatbucket/cegatsamples/S7100_231205_0949/05_structural_variations/211653_S7100Nr1988_wgs.sv.vcf.gz,/cegatbucket/cegatsamples/S7100_231205_0949/02_bam/211653_S7100Nr1988_wgs.bam
211654,WGS,S7100_231205_0949,/cegatbucket/cegatsamples/S7100_231205_0949/03_small_variants/211654_S7100Nr1987_wgs.snvs_indels.vcf.gz,/cegatbucket/cegatsamples/S7100_231205_0949/05_structural_variations/211654_S7100Nr1987_wgs.cnv.vcf.gz,/cegatbucket/cegatsamples/S7100_231205_0949/05_structural_variations/211654_S7100Nr1987_wgs.sv.vcf.gz,/cegatbucket/cegatsamples/S7100_231205_0949/02_bam/211654_S7100Nr1987_wgs.bam
211655,WGS,S7100_231205_0949,/cegatbucket/cegatsamples/S7100_231205_0949/03_small_variants/211655_S7100Nr1992_wgs.snvs_indels.vcf.gz,/cegatbucket/cegatsamples/S7100_231205_0949/05_structural_variations/211655_S7100Nr1992_wgs.cnv.vcf.gz,/cegatbucket/cegatsamples/S7100_231205_0949/05_structural_variations/211655_S7100Nr1992_wgs.sv.vcf.gz,/cegatbucket/cegatsamples/S7100_231205_0949/02_bam/211655_S7100Nr1992_wgs.bam
211656,WGS,S7100_231205_0949,/cegatbucket/cegatsamples/S7100_231205_0949/03_small_variants/211656_S7100Nr1990_wgs.snvs_indels.vcf.gz,/cegatbucket/cegatsamples/S7100_231205_0949/05_structural_variations/211656_S7100Nr1990_wgs.cnv.vcf.gz,/cegatbucket/cegatsamples/S7100_231205_0949/05_structural_variations/211656_S7100Nr1990_wgs.sv.vcf.gz,/cegatbucket/cegatsamples/S7100_231205_0949/02_bam/211656_S7100Nr1990_wgs.bam
211657,WGS,S7100_231205_0949,/cegatbucket/cegatsamples/S7100_231205_0949/03_small_variants/211657_S7100Nr1994_wgs.snvs_indels.vcf.gz,/cegatbucket/cegatsamples/S7100_231205_0949/05_structural_variations/211657_S7100Nr1994_wgs.cnv.vcf.gz,/cegatbucket/cegatsamples/S7100_231205_0949/05_structural_variations/211657_S7100Nr1994_wgs.sv.vcf.gz,/cegatbucket/cegatsamples/S7100_231205_0949/02_bam/211657_S7100Nr1994_wgs.bam
211658,WGS,S7100_231205_0949,/cegatbucket/cegatsamples/S7100_231205_0949/03_small_variants/211658_S7100Nr1991_wgs.snvs_indels.vcf.gz,/cegatbucket/cegatsamples/S7100_231205_0949/05_structural_variations/211658_S7100Nr1991_wgs.cnv.vcf.gz,/cegatbucket/cegatsamples/S7100_231205_0949/05_structural_variations/211658_S7100Nr1991_wgs.sv.vcf.gz,/cegatbucket/cegatsamples/S7100_231205_0949/02_bam/211658_S7100Nr1991_wgs.bam
211659,WGS,S7100_231205_0949,/cegatbucket/cegatsamples/S7100_231205_0949/03_small_variants/211659_S7100Nr1986_wgs.snvs_indels.vcf.gz,/cegatbucket/cegatsamples/S7100_231205_0949/05_structural_variations/211659_S7100Nr1986_wgs.cnv.vcf.gz,/cegatbucket/cegatsamples/S7100_231205_0949/05_structural_variations/211659_S7100Nr1986_wgs.sv.vcf.gz,/cegatbucket/cegatsamples/S7100_231205_0949/02_bam/211659_S7100Nr1986_wgs.bam
211661,WGS,S7100_231205_0949,/cegatbucket/cegatsamples/S7100_231205_0949/03_small_variants/211661_S7100Nr1993_wgs.snvs_indels.vcf.gz,/cegatbucket/cegatsamples/S7100_231205_0949/05_structural_variations/211661_S7100Nr1993_wgs.cnv.vcf.gz,/cegatbucket/cegatsamples/S7100_231205_0949/05_structural_variations/211661_S7100Nr1993_wgs.sv.vcf.gz,/cegatbucket/cegatsamples/S7100_231205_0949/02_bam/211661_S7100Nr1993_wgs.bam
211662,WGS,S7100_231205_0949,/cegatbucket/cegatsamples/S7100_231205_0949/03_small_variants/211662_S7100Nr1995_wgs.snvs_indels.vcf.gz,/cegatbucket/cegatsamples/S7100_231205_0949/05_structural_variations/211662_S7100Nr1995_wgs.cnv.vcf.gz,/cegatbucket/cegatsamples/S7100_231205_0949/05_structural_variations/211662_S7100Nr1995_wgs.sv.vcf.gz,/cegatbucket/cegatsamples/S7100_231205_0949/02_bam/211662_S7100Nr1995_wgs.bam
211665,WGS,S7100_231205_0949,/cegatbucket/cegatsamples/S7100_231205_0949/03_small_variants/211665_S7100Nr1998_wgs.snvs_indels.vcf.gz,/cegatbucket/cegatsamples/S7100_231205_0949/05_structural_variations/211665_S7100Nr1998_wgs.cnv.vcf.gz,/cegatbucket/cegatsamples/S7100_231205_0949/05_structural_variations/211665_S7100Nr1998_wgs.sv.vcf.gz,/cegatbucket/cegatsamples/S7100_231205_0949/02_bam/211665_S7100Nr1998_wgs.bam
211666,WGS,S7100_231205_0949,/cegatbucket/cegatsamples/S7100_231205_0949/03_small_variants/211666_S7100Nr1996_wgs.snvs_indels.vcf.gz,/cegatbucket/cegatsamples/S7100_231205_0949/05_structural_variations/211666_S7100Nr1996_wgs.cnv.vcf.gz,/cegatbucket/cegatsamples/S7100_231205_0949/05_structural_variations/211666_S7100Nr1996_wgs.sv.vcf.gz,/cegatbucket/cegatsamples/S7100_231205_0949/02_bam/211666_S7100Nr1996_wgs.bam
211667,WGS,S7100_231205_0949,/cegatbucket/cegatsamples/S7100_231205_0949/03_small_variants/211667_S7100Nr2000_wgs.snvs_indels.vcf.gz,/cegatbucket/cegatsamples/S7100_231205_0949/05_structural_variations/211667_S7100Nr2000_wgs.cnv.vcf.gz,/cegatbucket/cegatsamples/S7100_231205_0949/05_structural_variations/211667_S7100Nr2000_wgs.sv.vcf.gz,/cegatbucket/cegatsamples/S7100_231205_0949/02_bam/211667_S7100Nr2000_wgs.bam
211668,WGS,S7100_231205_0949,/cegatbucket/cegatsamples/S7100_231205_0949/03_small_variants/211668_S7100Nr2001_wgs.snvs_indels.vcf.gz,/cegatbucket/cegatsamples/S7100_231205_0949/05_structural_variations/211668_S7100Nr2001_wgs.cnv.vcf.gz,/cegatbucket/cegatsamples/S7100_231205_0949/05_structural_variations/211668_S7100Nr2001_wgs.sv.vcf.gz,/cegatbucket/cegatsamples/S7100_231205_0949/02_bam/211668_S7100Nr2001_wgs.bam
211669,WGS,S7100_231205_0949,/cegatbucket/cegatsamples/S7100_231205_0949/03_small_variants/211669_S7100Nr2002_wgs.snvs_indels.vcf.gz,/cegatbucket/cegatsamples/S7100_231205_0949/05_structural_variations/211669_S7100Nr2002_wgs.cnv.vcf.gz,/cegatbucket/cegatsamples/S7100_231205_0949/05_structural_variations/211669_S7100Nr2002_wgs.sv.vcf.gz,/cegatbucket/cegatsamples/S7100_231205_0949/02_bam/211669_S7100Nr2002_wgs.bam
211671,WGS,S7100_231205_0949,/cegatbucket/cegatsamples/S7100_231205_0949/03_small_variants/211671_S7100Nr2004_wgs.snvs_indels.vcf.gz,/cegatbucket/cegatsamples/S7100_231205_0949/05_structural_variations/211671_S7100Nr2004_wgs.cnv.vcf.gz,/cegatbucket/cegatsamples/S7100_231205_0949/05_structural_variations/211671_S7100Nr2004_wgs.sv.vcf.gz,/cegatbucket/cegatsamples/S7100_231205_0949/02_bam/211671_S7100Nr2004_wgs.bam
211651,WES,S7100_231208_1525,/cegatbucket/cegatsamples/S7100_231208_1525/03_small_variants/211651_S7100Nr1989_S000021.snvs_indels.vcf.gz,/cegatbucket/cegatsamples/S7100_231208_1525/05_structural_variations/211651_S7100Nr1989_S000021.cnv.vcf.gz,/cegatbucket/cegatsamples/S7100_231208_1525/05_structural_variations/211651_S7100Nr1989_S000021.sv.vcf.gz,/cegatbucket/cegatsamples/S7100_231208_1525/02_bam/211651_S7100Nr1989_S000021.bam
211670,WGS,S7100_231213_1425,/cegatbucket/cegatsamples/S7100_231213_1425/03_small_variants/211670_S7100Nr2003_wgs.snvs_indels.vcf.gz,/cegatbucket/cegatsamples/S7100_231213_1425/05_structural_variations/211670_S7100Nr2003_wgs.cnv.vcf.gz,/cegatbucket/cegatsamples/S7100_231213_1425/05_structural_variations/211670_S7100Nr2003_wgs.sv.vcf.gz,/cegatbucket/cegatsamples/S7100_231213_1425/02_bam/211670_S7100Nr2003_wgs.bam
211672,WGS,S7100_231213_1425,/cegatbucket/cegatsamples/S7100_231213_1425/03_small_variants/211672_S7100Nr2010_wgs.snvs_indels.vcf.gz,/cegatbucket/cegatsamples/S7100_231213_1425/05_structural_variations/211672_S7100Nr2010_wgs.cnv.vcf.gz,/cegatbucket/cegatsamples/S7100_231213_1425/05_structural_variations/211672_S7100Nr2010_wgs.sv.vcf.gz,/cegatbucket/cegatsamples/S7100_231213_1425/02_bam/211672_S7100Nr2010_wgs.bam
211673,WGS,S7100_231213_1425,/cegatbucket/cegatsamples/S7100_231213_1425/03_small_variants/211673_S7100Nr2009_wgs.snvs_indels.vcf.gz,/cegatbucket/cegatsamples/S7100_231213_1425/05_structural_variations/211673_S7100Nr2009_wgs.cnv.vcf.gz,/cegatbucket/cegatsamples/S7100_231213_1425/05_structural_variations/211673_S7100Nr2009_wgs.sv.vcf.gz,/cegatbucket/cegatsamples/S7100_231213_1425/02_bam/211673_S7100Nr2009_wgs.bam
211681,WGS,S7100_231213_1425,/cegatbucket/cegatsamples/S7100_231213_1425/03_small_variants/211681_S7100Nr2013_wgs.snvs_indels.vcf.gz,/cegatbucket/cegatsamples/S7100_231213_1425/05_structural_variations/211681_S7100Nr2013_wgs.cnv.vcf.gz,/cegatbucket/cegatsamples/S7100_231213_1425/05_structural_variations/211681_S7100Nr2013_wgs.sv.vcf.gz,/cegatbucket/cegatsamples/S7100_231213_1425/02_bam/211681_S7100Nr2013_wgs.bam
211682,WGS,S7100_231213_1425,/cegatbucket/cegatsamples/S7100_231213_1425/03_small_variants/211682_S7100Nr2014_wgs.snvs_indels.vcf.gz,/cegatbucket/cegatsamples/S7100_231213_1425/05_structural_variations/211682_S7100Nr2014_wgs.cnv.vcf.gz,/cegatbucket/cegatsamples/S7100_231213_1425/05_structural_variations/211682_S7100Nr2014_wgs.sv.vcf.gz,/cegatbucket/cegatsamples/S7100_231213_1425/02_bam/211682_S7100Nr2014_wgs.bam
211684,WGS,S7100_231213_1425,/cegatbucket/cegatsamples/S7100_231213_1425/03_small_variants/211684_S7100Nr2015_wgs.snvs_indels.vcf.gz,/cegatbucket/cegatsamples/S7100_231213_1425/05_structural_variations/211684_S7100Nr2015_wgs.cnv.vcf.gz,/cegatbucket/cegatsamples/S7100_231213_1425/05_structural_variations/211684_S7100Nr2015_wgs.sv.vcf.gz,/cegatbucket/cegatsamples/S7100_231213_1425/02_bam/211684_S7100Nr2015_wgs.bam
211685,WGS,S7100_231213_1425,/cegatbucket/cegatsamples/S7100_231213_1425/03_small_variants/211685_S7100Nr2008_wgs.snvs_indels.vcf.gz,/cegatbucket/cegatsamples/S7100_231213_1425/05_structural_variations/211685_S7100Nr2008_wgs.cnv.vcf.gz,/cegatbucket/cegatsamples/S7100_231213_1425/05_structural_variations/211685_S7100Nr2008_wgs.sv.vcf.gz,/cegatbucket/cegatsamples/S7100_231213_1425/02_bam/211685_S7100Nr2008_wgs.bam
211686,WGS,S7100_231213_1425,/cegatbucket/cegatsamples/S7100_231213_1425/03_small_variants/211686_S7100Nr2016_wgs.snvs_indels.vcf.gz,/cegatbucket/cegatsamples/S7100_231213_1425/05_structural_variations/211686_S7100Nr2016_wgs.cnv.vcf.gz,/cegatbucket/cegatsamples/S7100_231213_1425/05_structural_variations/211686_S7100Nr2016_wgs.sv.vcf.gz,/cegatbucket/cegatsamples/S7100_231213_1425/02_bam/211686_S7100Nr2016_wgs.bam
211687,WGS,S7100_231213_1425,/cegatbucket/cegatsamples/S7100_231213_1425/03_small_variants/211687_S7100Nr2011_wgs.snvs_indels.vcf.gz,/cegatbucket/cegatsamples/S7100_231213_1425/05_structural_variations/211687_S7100Nr2011_wgs.cnv.vcf.gz,/cegatbucket/cegatsamples/S7100_231213_1425/05_structural_variations/211687_S7100Nr2011_wgs.sv.vcf.gz,/cegatbucket/cegatsamples/S7100_231213_1425/02_bam/211687_S7100Nr2011_wgs.bam
211688,WGS,S7100_231213_1425,/cegatbucket/cegatsamples/S7100_231213_1425/03_small_variants/211688_S7100Nr2018_wgs.snvs_indels.vcf.gz,/cegatbucket/cegatsamples/S7100_231213_1425/05_structural_variations/211688_S7100Nr2018_wgs.cnv.vcf.gz,/cegatbucket/cegatsamples/S7100_231213_1425/05_structural_variations/211688_S7100Nr2018_wgs.sv.vcf.gz,/cegatbucket/cegatsamples/S7100_231213_1425/02_bam/211688_S7100Nr2018_wgs.bam
211690,WGS,S7100_231213_1425,/cegatbucket/cegatsamples/S7100_231213_1425/03_small_variants/211690_S7100Nr2017_wgs.snvs_indels.vcf.gz,/cegatbucket/cegatsamples/S7100_231213_1425/05_structural_variations/211690_S7100Nr2017_wgs.cnv.vcf.gz,/cegatbucket/cegatsamples/S7100_231213_1425/05_structural_variations/211690_S7100Nr2017_wgs.sv.vcf.gz,/cegatbucket/cegatsamples/S7100_231213_1425/02_bam/211690_S7100Nr2017_wgs.bam
211691,WGS,S7100_231213_1425,/cegatbucket/cegatsamples/S7100_231213_1425/03_small_variants/211691_S7100Nr2022_wgs.snvs_indels.vcf.gz,/cegatbucket/cegatsamples/S7100_231213_1425/05_structural_variations/211691_S7100Nr2022_wgs.cnv.vcf.gz,/cegatbucket/cegatsamples/S7100_231213_1425/05_structural_variations/211691_S7100Nr2022_wgs.sv.vcf.gz,/cegatbucket/cegatsamples/S7100_231213_1425/02_bam/211691_S7100Nr2022_wgs.bam
211692,WGS,S7100_231213_1425,/cegatbucket/cegatsamples/S7100_231213_1425/03_small_variants/211692_S7100Nr2020_wgs.snvs_indels.vcf.gz,/cegatbucket/cegatsamples/S7100_231213_1425/05_structural_variations/211692_S7100Nr2020_wgs.cnv.vcf.gz,/cegatbucket/cegatsamples/S7100_231213_1425/05_structural_variations/211692_S7100Nr2020_wgs.sv.vcf.gz,/cegatbucket/cegatsamples/S7100_231213_1425/02_bam/211692_S7100Nr2020_wgs.bam
211693,WGS,S7100_231213_1425,/cegatbucket/cegatsamples/S7100_231213_1425/03_small_variants/211693_S7100Nr2021_wgs.snvs_indels.vcf.gz,/cegatbucket/cegatsamples/S7100_231213_1425/05_structural_variations/211693_S7100Nr2021_wgs.cnv.vcf.gz,/cegatbucket/cegatsamples/S7100_231213_1425/05_structural_variations/211693_S7100Nr2021_wgs.sv.vcf.gz,/cegatbucket/cegatsamples/S7100_231213_1425/02_bam/211693_S7100Nr2021_wgs.bam
211694,WGS,S7100_231213_1425,/cegatbucket/cegatsamples/S7100_231213_1425/03_small_variants/211694_S7100Nr2019_wgs.snvs_indels.vcf.gz,/cegatbucket/cegatsamples/S7100_231213_1425/05_structural_variations/211694_S7100Nr2019_wgs.cnv.vcf.gz,/cegatbucket/cegatsamples/S7100_231213_1425/05_structural_variations/211694_S7100Nr2019_wgs.sv.vcf.gz,/cegatbucket/cegatsamples/S7100_231213_1425/02_bam/211694_S7100Nr2019_wgs.bam
211683,WGS,S7100_231215_1615,/cegatbucket/cegatsamples/S7100_231215_1615/03_small_variants/211683_S7100Nr2012_wgs.snvs_indels.vcf.gz,/cegatbucket/cegatsamples/S7100_231215_1615/05_structural_variations/211683_S7100Nr2012_wgs.cnv.vcf.gz,/cegatbucket/cegatsamples/S7100_231215_1615/05_structural_variations/211683_S7100Nr2012_wgs.sv.vcf.gz,/cegatbucket/cegatsamples/S7100_231215_1615/02_bam/211683_S7100Nr2012_wgs.bam
211689,WGS,S7100_231219_0838,/cegatbucket/cegatsamples/S7100_231219_0838/03_small_variants/211689_S7100Nr2034_wgs.snvs_indels.vcf.gz,/cegatbucket/cegatsamples/S7100_231219_0838/05_structural_variations/211689_S7100Nr2034_wgs.cnv.vcf.gz,/cegatbucket/cegatsamples/S7100_231219_0838/05_structural_variations/211689_S7100Nr2034_wgs.sv.vcf.gz,/cegatbucket/cegatsamples/S7100_231219_0838/02_bam/211689_S7100Nr2034_wgs.bam
211702,WGS,S7100_231219_0838,/cegatbucket/cegatsamples/S7100_231219_0838/03_small_variants/211702_S7100Nr2032_wgs.snvs_indels.vcf.gz,/cegatbucket/cegatsamples/S7100_231219_0838/05_structural_variations/211702_S7100Nr2032_wgs.cnv.vcf.gz,/cegatbucket/cegatsamples/S7100_231219_0838/05_structural_variations/211702_S7100Nr2032_wgs.sv.vcf.gz,/cegatbucket/cegatsamples/S7100_231219_0838/02_bam/211702_S7100Nr2032_wgs.bam
211704,WGS,S7100_231219_0838,/cegatbucket/cegatsamples/S7100_231219_0838/03_small_variants/211704_S7100Nr2023_wgs.snvs_indels.vcf.gz,/cegatbucket/cegatsamples/S7100_231219_0838/05_structural_variations/211704_S7100Nr2023_wgs.cnv.vcf.gz,/cegatbucket/cegatsamples/S7100_231219_0838/05_structural_variations/211704_S7100Nr2023_wgs.sv.vcf.gz,/cegatbucket/cegatsamples/S7100_231219_0838/02_bam/211704_S7100Nr2023_wgs.bam
211705,WGS,S7100_231219_0838,/cegatbucket/cegatsamples/S7100_231219_0838/03_small_variants/211705_S7100Nr2024_wgs.snvs_indels.vcf.gz,/cegatbucket/cegatsamples/S7100_231219_0838/05_structural_variations/211705_S7100Nr2024_wgs.cnv.vcf.gz,/cegatbucket/cegatsamples/S7100_231219_0838/05_structural_variations/211705_S7100Nr2024_wgs.sv.vcf.gz,/cegatbucket/cegatsamples/S7100_231219_0838/02_bam/211705_S7100Nr2024_wgs.bam
211706,WGS,S7100_231219_0838,/cegatbucket/cegatsamples/S7100_231219_0838/03_small_variants/211706_S7100Nr2031_wgs.snvs_indels.vcf.gz,/cegatbucket/cegatsamples/S7100_231219_0838/05_structural_variations/211706_S7100Nr2031_wgs.cnv.vcf.gz,/cegatbucket/cegatsamples/S7100_231219_0838/05_structural_variations/211706_S7100Nr2031_wgs.sv.vcf.gz,/cegatbucket/cegatsamples/S7100_231219_0838/02_bam/211706_S7100Nr2031_wgs.bam
211707,WGS,S7100_231219_0838,/cegatbucket/cegatsamples/S7100_231219_0838/03_small_variants/211707_S7100Nr2026_wgs.snvs_indels.vcf.gz,/cegatbucket/cegatsamples/S7100_231219_0838/05_structural_variations/211707_S7100Nr2026_wgs.cnv.vcf.gz,/cegatbucket/cegatsamples/S7100_231219_0838/05_structural_variations/211707_S7100Nr2026_wgs.sv.vcf.gz,/cegatbucket/cegatsamples/S7100_231219_0838/02_bam/211707_S7100Nr2026_wgs.bam
211708,WGS,S7100_231219_0838,/cegatbucket/cegatsamples/S7100_231219_0838/03_small_variants/211708_S7100Nr2027_wgs.snvs_indels.vcf.gz,/cegatbucket/cegatsamples/S7100_231219_0838/05_structural_variations/211708_S7100Nr2027_wgs.cnv.vcf.gz,/cegatbucket/cegatsamples/S7100_231219_0838/05_structural_variations/211708_S7100Nr2027_wgs.sv.vcf.gz,/cegatbucket/cegatsamples/S7100_231219_0838/02_bam/211708_S7100Nr2027_wgs.bam
211709,WGS,S7100_231219_0838,/cegatbucket/cegatsamples/S7100_231219_0838/03_small_variants/211709_S7100Nr2028_wgs.snvs_indels.vcf.gz,/cegatbucket/cegatsamples/S7100_231219_0838/05_structural_variations/211709_S7100Nr2028_wgs.cnv.vcf.gz,/cegatbucket/cegatsamples/S7100_231219_0838/05_structural_variations/211709_S7100Nr2028_wgs.sv.vcf.gz,/cegatbucket/cegatsamples/S7100_231219_0838/02_bam/211709_S7100Nr2028_wgs.bam
211710,WGS,S7100_231219_0838,/cegatbucket/cegatsamples/S7100_231219_0838/03_small_variants/211710_S7100Nr2030_wgs.snvs_indels.vcf.gz,/cegatbucket/cegatsamples/S7100_231219_0838/05_structural_variations/211710_S7100Nr2030_wgs.cnv.vcf.gz,/cegatbucket/cegatsamples/S7100_231219_0838/05_structural_variations/211710_S7100Nr2030_wgs.sv.vcf.gz,/cegatbucket/cegatsamples/S7100_231219_0838/02_bam/211710_S7100Nr2030_wgs.bam
211719,WGS,S7100_231219_0838,/cegatbucket/cegatsamples/S7100_231219_0838/03_small_variants/211719_S7100Nr2033_wgs.snvs_indels.vcf.gz,/cegatbucket/cegatsamples/S7100_231219_0838/05_structural_variations/211719_S7100Nr2033_wgs.cnv.vcf.gz,/cegatbucket/cegatsamples/S7100_231219_0838/05_structural_variations/211719_S7100Nr2033_wgs.sv.vcf.gz,/cegatbucket/cegatsamples/S7100_231219_0838/02_bam/211719_S7100Nr2033_wgs.bam
211720,WGS,S7100_231219_0838,/cegatbucket/cegatsamples/S7100_231219_0838/03_small_variants/211720_S7100Nr2035_wgs.snvs_indels.vcf.gz,/cegatbucket/cegatsamples/S7100_231219_0838/05_structural_variations/211720_S7100Nr2035_wgs.cnv.vcf.gz,/cegatbucket/cegatsamples/S7100_231219_0838/05_structural_variations/211720_S7100Nr2035_wgs.sv.vcf.gz,/cegatbucket/cegatsamples/S7100_231219_0838/02_bam/211720_S7100Nr2035_wgs.bam
211703,WGS,S7100_231227_1247,/cegatbucket/cegatsamples/S7100_231227_1247/03_small_variants/211703_S7100Nr2066_wgs.snvs_indels.vcf.gz,/cegatbucket/cegatsamples/S7100_231227_1247/05_structural_variations/211703_S7100Nr2066_wgs.cnv.vcf.gz,/cegatbucket/cegatsamples/S7100_231227_1247/05_structural_variations/211703_S7100Nr2066_wgs.sv.vcf.gz,/cegatbucket/cegatsamples/S7100_231227_1247/02_bam/211703_S7100Nr2066_wgs.bam
211711,WGS,S7100_231227_1247,/cegatbucket/cegatsamples/S7100_231227_1247/03_small_variants/211711_S7100Nr2029_wgs.snvs_indels.vcf.gz,/cegatbucket/cegatsamples/S7100_231227_1247/05_structural_variations/211711_S7100Nr2029_wgs.cnv.vcf.gz,/cegatbucket/cegatsamples/S7100_231227_1247/05_structural_variations/211711_S7100Nr2029_wgs.sv.vcf.gz,/cegatbucket/cegatsamples/S7100_231227_1247/02_bam/211711_S7100Nr2029_wgs.bam
211714,WGS,S7100_231227_1247,/cegatbucket/cegatsamples/S7100_231227_1247/03_small_variants/211714_S7100Nr2069_wgs.snvs_indels.vcf.gz,/cegatbucket/cegatsamples/S7100_231227_1247/05_structural_variations/211714_S7100Nr2069_wgs.cnv.vcf.gz,/cegatbucket/cegatsamples/S7100_231227_1247/05_structural_variations/211714_S7100Nr2069_wgs.sv.vcf.gz,/cegatbucket/cegatsamples/S7100_231227_1247/02_bam/211714_S7100Nr2069_wgs.bam
211723,WGS,S7100_231227_1247,/cegatbucket/cegatsamples/S7100_231227_1247/03_small_variants/211723_S7100Nr2051_wgs.snvs_indels.vcf.gz,/cegatbucket/cegatsamples/S7100_231227_1247/05_structural_variations/211723_S7100Nr2051_wgs.cnv.vcf.gz,/cegatbucket/cegatsamples/S7100_231227_1247/05_structural_variations/211723_S7100Nr2051_wgs.sv.vcf.gz,/cegatbucket/cegatsamples/S7100_231227_1247/02_bam/211723_S7100Nr2051_wgs.bam
211730,WGS,S7100_231227_1247,/cegatbucket/cegatsamples/S7100_231227_1247/03_small_variants/211730_S7100Nr2049_wgs.snvs_indels.vcf.gz,/cegatbucket/cegatsamples/S7100_231227_1247/05_structural_variations/211730_S7100Nr2049_wgs.cnv.vcf.gz,/cegatbucket/cegatsamples/S7100_231227_1247/05_structural_variations/211730_S7100Nr2049_wgs.sv.vcf.gz,/cegatbucket/cegatsamples/S7100_231227_1247/02_bam/211730_S7100Nr2049_wgs.bam
211732,WGS,S7100_231227_1247,/cegatbucket/cegatsamples/S7100_231227_1247/03_small_variants/211732_S7100Nr2065_wgs.snvs_indels.vcf.gz,/cegatbucket/cegatsamples/S7100_231227_1247/05_structural_variations/211732_S7100Nr2065_wgs.cnv.vcf.gz,/cegatbucket/cegatsamples/S7100_231227_1247/05_structural_variations/211732_S7100Nr2065_wgs.sv.vcf.gz,/cegatbucket/cegatsamples/S7100_231227_1247/02_bam/211732_S7100Nr2065_wgs.bam
211734,WGS,S7100_231227_1247,/cegatbucket/cegatsamples/S7100_231227_1247/03_small_variants/211734_S7100Nr2061_wgs.snvs_indels.vcf.gz,/cegatbucket/cegatsamples/S7100_231227_1247/05_structural_variations/211734_S7100Nr2061_wgs.cnv.vcf.gz,/cegatbucket/cegatsamples/S7100_231227_1247/05_structural_variations/211734_S7100Nr2061_wgs.sv.vcf.gz,/cegatbucket/cegatsamples/S7100_231227_1247/02_bam/211734_S7100Nr2061_wgs.bam
211738,WGS,S7100_231227_1247,/cegatbucket/cegatsamples/S7100_231227_1247/03_small_variants/211738_S7100Nr2057_wgs.snvs_indels.vcf.gz,/cegatbucket/cegatsamples/S7100_231227_1247/05_structural_variations/211738_S7100Nr2057_wgs.cnv.vcf.gz,/cegatbucket/cegatsamples/S7100_231227_1247/05_structural_variations/211738_S7100Nr2057_wgs.sv.vcf.gz,/cegatbucket/cegatsamples/S7100_231227_1247/02_bam/211738_S7100Nr2057_wgs.bam
211743,WGS,S7100_231227_1247,/cegatbucket/cegatsamples/S7100_231227_1247/03_small_variants/211743_S7100Nr2041_wgs.snvs_indels.vcf.gz,/cegatbucket/cegatsamples/S7100_231227_1247/05_structural_variations/211743_S7100Nr2041_wgs.cnv.vcf.gz,/cegatbucket/cegatsamples/S7100_231227_1247/05_structural_variations/211743_S7100Nr2041_wgs.sv.vcf.gz,/cegatbucket/cegatsamples/S7100_231227_1247/02_bam/211743_S7100Nr2041_wgs.bam
211744,WGS,S7100_231227_1247,/cegatbucket/cegatsamples/S7100_231227_1247/03_small_variants/211744_S7100Nr2042_wgs.snvs_indels.vcf.gz,/cegatbucket/cegatsamples/S7100_231227_1247/05_structural_variations/211744_S7100Nr2042_wgs.cnv.vcf.gz,/cegatbucket/cegatsamples/S7100_231227_1247/05_structural_variations/211744_S7100Nr2042_wgs.sv.vcf.gz,/cegatbucket/cegatsamples/S7100_231227_1247/02_bam/211744_S7100Nr2042_wgs.bam
211745,WGS,S7100_231227_1247,/cegatbucket/cegatsamples/S7100_231227_1247/03_small_variants/211745_S7100Nr2040_wgs.snvs_indels.vcf.gz,/cegatbucket/cegatsamples/S7100_231227_1247/05_structural_variations/211745_S7100Nr2040_wgs.cnv.vcf.gz,/cegatbucket/cegatsamples/S7100_231227_1247/05_structural_variations/211745_S7100Nr2040_wgs.sv.vcf.gz,/cegatbucket/cegatsamples/S7100_231227_1247/02_bam/211745_S7100Nr2040_wgs.bam
211746,WGS,S7100_231227_1247,/cegatbucket/cegatsamples/S7100_231227_1247/03_small_variants/211746_S7100Nr2039_wgs.snvs_indels.vcf.gz,/cegatbucket/cegatsamples/S7100_231227_1247/05_structural_variations/211746_S7100Nr2039_wgs.cnv.vcf.gz,/cegatbucket/cegatsamples/S7100_231227_1247/05_structural_variations/211746_S7100Nr2039_wgs.sv.vcf.gz,/cegatbucket/cegatsamples/S7100_231227_1247/02_bam/211746_S7100Nr2039_wgs.bam
211747,WGS,S7100_231227_1247,/cegatbucket/cegatsamples/S7100_231227_1247/03_small_variants/211747_S7100Nr2067_wgs.snvs_indels.vcf.gz,/cegatbucket/cegatsamples/S7100_231227_1247/05_structural_variations/211747_S7100Nr2067_wgs.cnv.vcf.gz,/cegatbucket/cegatsamples/S7100_231227_1247/05_structural_variations/211747_S7100Nr2067_wgs.sv.vcf.gz,/cegatbucket/cegatsamples/S7100_231227_1247/02_bam/211747_S7100Nr2067_wgs.bam
211752,WGS,S7100_231227_1247,/cegatbucket/cegatsamples/S7100_231227_1247/03_small_variants/211752_S7100Nr2025_wgs.snvs_indels.vcf.gz,/cegatbucket/cegatsamples/S7100_231227_1247/05_structural_variations/211752_S7100Nr2025_wgs.cnv.vcf.gz,/cegatbucket/cegatsamples/S7100_231227_1247/05_structural_variations/211752_S7100Nr2025_wgs.sv.vcf.gz,/cegatbucket/cegatsamples/S7100_231227_1247/02_bam/211752_S7100Nr2025_wgs.bam
211753,WGS,S7100_231227_1247,/cegatbucket/cegatsamples/S7100_231227_1247/03_small_variants/211753_S7100Nr2044_wgs.snvs_indels.vcf.gz,/cegatbucket/cegatsamples/S7100_231227_1247/05_structural_variations/211753_S7100Nr2044_wgs.cnv.vcf.gz,/cegatbucket/cegatsamples/S7100_231227_1247/05_structural_variations/211753_S7100Nr2044_wgs.sv.vcf.gz,/cegatbucket/cegatsamples/S7100_231227_1247/02_bam/211753_S7100Nr2044_wgs.bam
211712,WGS,S7100_240102_0902,/cegatbucket/cegatsamples/S7100_240102_0902/03_small_variants/211712_S7100Nr2072_wgs.snvs_indels.vcf.gz,/cegatbucket/cegatsamples/S7100_240102_0902/05_structural_variations/211712_S7100Nr2072_wgs.cnv.vcf.gz,/cegatbucket/cegatsamples/S7100_240102_0902/05_structural_variations/211712_S7100Nr2072_wgs.sv.vcf.gz,/cegatbucket/cegatsamples/S7100_240102_0902/02_bam/211712_S7100Nr2072_wgs.bam
211716,WGS,S7100_240102_0902,/cegatbucket/cegatsamples/S7100_240102_0902/03_small_variants/211716_S7100Nr2038_wgs.snvs_indels.vcf.gz,/cegatbucket/cegatsamples/S7100_240102_0902/05_structural_variations/211716_S7100Nr2038_wgs.cnv.vcf.gz,/cegatbucket/cegatsamples/S7100_240102_0902/05_structural_variations/211716_S7100Nr2038_wgs.sv.vcf.gz,/cegatbucket/cegatsamples/S7100_240102_0902/02_bam/211716_S7100Nr2038_wgs.bam
211721,WGS,S7100_240102_0902,/cegatbucket/cegatsamples/S7100_240102_0902/03_small_variants/211721_S7100Nr2071_wgs.snvs_indels.vcf.gz,/cegatbucket/cegatsamples/S7100_240102_0902/05_structural_variations/211721_S7100Nr2071_wgs.cnv.vcf.gz,/cegatbucket/cegatsamples/S7100_240102_0902/05_structural_variations/211721_S7100Nr2071_wgs.sv.vcf.gz,/cegatbucket/cegatsamples/S7100_240102_0902/02_bam/211721_S7100Nr2071_wgs.bam
211750,WGS,S7100_240102_0902,/cegatbucket/cegatsamples/S7100_240102_0902/03_small_variants/211750_S7100Nr2043_wgs.snvs_indels.vcf.gz,/cegatbucket/cegatsamples/S7100_240102_0902/05_structural_variations/211750_S7100Nr2043_wgs.cnv.vcf.gz,/cegatbucket/cegatsamples/S7100_240102_0902/05_structural_variations/211750_S7100Nr2043_wgs.sv.vcf.gz,/cegatbucket/cegatsamples/S7100_240102_0902/02_bam/211750_S7100Nr2043_wgs.bam
211751,WGS,S7100_240102_0902,/cegatbucket/cegatsamples/S7100_240102_0902/03_small_variants/211751_S7100Nr2075_wgs.snvs_indels.vcf.gz,/cegatbucket/cegatsamples/S7100_240102_0902/05_structural_variations/211751_S7100Nr2075_wgs.cnv.vcf.gz,/cegatbucket/cegatsamples/S7100_240102_0902/05_structural_variations/211751_S7100Nr2075_wgs.sv.vcf.gz,/cegatbucket/cegatsamples/S7100_240102_0902/02_bam/211751_S7100Nr2075_wgs.bam
211754,WGS,S7100_240102_0902,/cegatbucket/cegatsamples/S7100_240102_0902/03_small_variants/211754_S7100Nr2074_wgs.snvs_indels.vcf.gz,/cegatbucket/cegatsamples/S7100_240102_0902/05_structural_variations/211754_S7100Nr2074_wgs.cnv.vcf.gz,/cegatbucket/cegatsamples/S7100_240102_0902/05_structural_variations/211754_S7100Nr2074_wgs.sv.vcf.gz,/cegatbucket/cegatsamples/S7100_240102_0902/02_bam/211754_S7100Nr2074_wgs.bam
211757,WGS,S7100_240102_0902,/cegatbucket/cegatsamples/S7100_240102_0902/03_small_variants/211757_S7100Nr2117_wgs.snvs_indels.vcf.gz,/cegatbucket/cegatsamples/S7100_240102_0902/05_structural_variations/211757_S7100Nr2117_wgs.cnv.vcf.gz,/cegatbucket/cegatsamples/S7100_240102_0902/05_structural_variations/211757_S7100Nr2117_wgs.sv.vcf.gz,/cegatbucket/cegatsamples/S7100_240102_0902/02_bam/211757_S7100Nr2117_wgs.bam
211758,WGS,S7100_240102_0902,/cegatbucket/cegatsamples/S7100_240102_0902/03_small_variants/211758_S7100Nr2119_wgs.snvs_indels.vcf.gz,/cegatbucket/cegatsamples/S7100_240102_0902/05_structural_variations/211758_S7100Nr2119_wgs.cnv.vcf.gz,/cegatbucket/cegatsamples/S7100_240102_0902/05_structural_variations/211758_S7100Nr2119_wgs.sv.vcf.gz,/cegatbucket/cegatsamples/S7100_240102_0902/02_bam/211758_S7100Nr2119_wgs.bam
211759,WGS,S7100_240102_0902,/cegatbucket/cegatsamples/S7100_240102_0902/03_small_variants/211759_S7100Nr2118_wgs.snvs_indels.vcf.gz,/cegatbucket/cegatsamples/S7100_240102_0902/05_structural_variations/211759_S7100Nr2118_wgs.cnv.vcf.gz,/cegatbucket/cegatsamples/S7100_240102_0902/05_structural_variations/211759_S7100Nr2118_wgs.sv.vcf.gz,/cegatbucket/cegatsamples/S7100_240102_0902/02_bam/211759_S7100Nr2118_wgs.bam
211764,WGS,S7100_240102_0902,/cegatbucket/cegatsamples/S7100_240102_0902/03_small_variants/211764_S7100Nr2122_wgs.snvs_indels.vcf.gz,/cegatbucket/cegatsamples/S7100_240102_0902/05_structural_variations/211764_S7100Nr2122_wgs.cnv.vcf.gz,/cegatbucket/cegatsamples/S7100_240102_0902/05_structural_variations/211764_S7100Nr2122_wgs.sv.vcf.gz,/cegatbucket/cegatsamples/S7100_240102_0902/02_bam/211764_S7100Nr2122_wgs.bam
211765,WGS,S7100_240102_0902,/cegatbucket/cegatsamples/S7100_240102_0902/03_small_variants/211765_S7100Nr2133_wgs.snvs_indels.vcf.gz,/cegatbucket/cegatsamples/S7100_240102_0902/05_structural_variations/211765_S7100Nr2133_wgs.cnv.vcf.gz,/cegatbucket/cegatsamples/S7100_240102_0902/05_structural_variations/211765_S7100Nr2133_wgs.sv.vcf.gz,/cegatbucket/cegatsamples/S7100_240102_0902/02_bam/211765_S7100Nr2133_wgs.bam
211767,WGS,S7100_240102_0902,/cegatbucket/cegatsamples/S7100_240102_0902/03_small_variants/211767_S7100Nr2128_wgs.snvs_indels.vcf.gz,/cegatbucket/cegatsamples/S7100_240102_0902/05_structural_variations/211767_S7100Nr2128_wgs.cnv.vcf.gz,/cegatbucket/cegatsamples/S7100_240102_0902/05_structural_variations/211767_S7100Nr2128_wgs.sv.vcf.gz,/cegatbucket/cegatsamples/S7100_240102_0902/02_bam/211767_S7100Nr2128_wgs.bam
211769,WGS,S7100_240102_0902,/cegatbucket/cegatsamples/S7100_240102_0902/03_small_variants/211769_S7100Nr2121_wgs.snvs_indels.vcf.gz,/cegatbucket/cegatsamples/S7100_240102_0902/05_structural_variations/211769_S7100Nr2121_wgs.cnv.vcf.gz,/cegatbucket/cegatsamples/S7100_240102_0902/05_structural_variations/211769_S7100Nr2121_wgs.sv.vcf.gz,/cegatbucket/cegatsamples/S7100_240102_0902/02_bam/211769_S7100Nr2121_wgs.bam
211772,WGS,S7100_240102_0902,/cegatbucket/cegatsamples/S7100_240102_0902/03_small_variants/211772_S7100Nr2083_wgs.snvs_indels.vcf.gz,/cegatbucket/cegatsamples/S7100_240102_0902/05_structural_variations/211772_S7100Nr2083_wgs.cnv.vcf.gz,/cegatbucket/cegatsamples/S7100_240102_0902/05_structural_variations/211772_S7100Nr2083_wgs.sv.vcf.gz,/cegatbucket/cegatsamples/S7100_240102_0902/02_bam/211772_S7100Nr2083_wgs.bam
211774,WGS,S7100_240102_0902,/cegatbucket/cegatsamples/S7100_240102_0902/03_small_variants/211774_S7100Nr2103_wgs.snvs_indels.vcf.gz,/cegatbucket/cegatsamples/S7100_240102_0902/05_structural_variations/211774_S7100Nr2103_wgs.cnv.vcf.gz,/cegatbucket/cegatsamples/S7100_240102_0902/05_structural_variations/211774_S7100Nr2103_wgs.sv.vcf.gz,/cegatbucket/cegatsamples/S7100_240102_0902/02_bam/211774_S7100Nr2103_wgs.bam
211778,WGS,S7100_240102_0902,/cegatbucket/cegatsamples/S7100_240102_0902/03_small_variants/211778_S7100Nr2092_wgs.snvs_indels.vcf.gz,/cegatbucket/cegatsamples/S7100_240102_0902/05_structural_variations/211778_S7100Nr2092_wgs.cnv.vcf.gz,/cegatbucket/cegatsamples/S7100_240102_0902/05_structural_variations/211778_S7100Nr2092_wgs.sv.vcf.gz,/cegatbucket/cegatsamples/S7100_240102_0902/02_bam/211778_S7100Nr2092_wgs.bam
211791,WGS,S7100_240102_0902,/cegatbucket/cegatsamples/S7100_240102_0902/03_small_variants/211791_S7100Nr2094_wgs.snvs_indels.vcf.gz,/cegatbucket/cegatsamples/S7100_240102_0902/05_structural_variations/211791_S7100Nr2094_wgs.cnv.vcf.gz,/cegatbucket/cegatsamples/S7100_240102_0902/05_structural_variations/211791_S7100Nr2094_wgs.sv.vcf.gz,/cegatbucket/cegatsamples/S7100_240102_0902/02_bam/211791_S7100Nr2094_wgs.bam
211798,WGS,S7100_240102_0902,/cegatbucket/cegatsamples/S7100_240102_0902/03_small_variants/211798_S7100Nr2113_wgs.snvs_indels.vcf.gz,/cegatbucket/cegatsamples/S7100_240102_0902/05_structural_variations/211798_S7100Nr2113_wgs.cnv.vcf.gz,/cegatbucket/cegatsamples/S7100_240102_0902/05_structural_variations/211798_S7100Nr2113_wgs.sv.vcf.gz,/cegatbucket/cegatsamples/S7100_240102_0902/02_bam/211798_S7100Nr2113_wgs.bam
211799,WGS,S7100_240102_0902,/cegatbucket/cegatsamples/S7100_240102_0902/03_small_variants/211799_S7100Nr2109_wgs.snvs_indels.vcf.gz,/cegatbucket/cegatsamples/S7100_240102_0902/05_structural_variations/211799_S7100Nr2109_wgs.cnv.vcf.gz,/cegatbucket/cegatsamples/S7100_240102_0902/05_structural_variations/211799_S7100Nr2109_wgs.sv.vcf.gz,/cegatbucket/cegatsamples/S7100_240102_0902/02_bam/211799_S7100Nr2109_wgs.bam
211804,WGS,S7100_240102_0902,/cegatbucket/cegatsamples/S7100_240102_0902/03_small_variants/211804_S7100Nr2099_wgs.snvs_indels.vcf.gz,/cegatbucket/cegatsamples/S7100_240102_0902/05_structural_variations/211804_S7100Nr2099_wgs.cnv.vcf.gz,/cegatbucket/cegatsamples/S7100_240102_0902/05_structural_variations/211804_S7100Nr2099_wgs.sv.vcf.gz,/cegatbucket/cegatsamples/S7100_240102_0902/02_bam/211804_S7100Nr2099_wgs.bam
211805,WGS,S7100_240102_0902,/cegatbucket/cegatsamples/S7100_240102_0902/03_small_variants/211805_S7100Nr2116_wgs.snvs_indels.vcf.gz,/cegatbucket/cegatsamples/S7100_240102_0902/05_structural_variations/211805_S7100Nr2116_wgs.cnv.vcf.gz,/cegatbucket/cegatsamples/S7100_240102_0902/05_structural_variations/211805_S7100Nr2116_wgs.sv.vcf.gz,/cegatbucket/cegatsamples/S7100_240102_0902/02_bam/211805_S7100Nr2116_wgs.bam
211810,WGS,S7100_240102_0902,/cegatbucket/cegatsamples/S7100_240102_0902/03_small_variants/211810_S7100Nr2084_wgs.snvs_indels.vcf.gz,/cegatbucket/cegatsamples/S7100_240102_0902/05_structural_variations/211810_S7100Nr2084_wgs.cnv.vcf.gz,/cegatbucket/cegatsamples/S7100_240102_0902/05_structural_variations/211810_S7100Nr2084_wgs.sv.vcf.gz,/cegatbucket/cegatsamples/S7100_240102_0902/02_bam/211810_S7100Nr2084_wgs.bam
201555,WGS,S7100_240108_1536,/cegatbucket/cegatsamples/S7100_240108_1536/03_small_variants/201555_S7100Nr2142_wgs.snvs_indels.vcf.gz,/cegatbucket/cegatsamples/S7100_240108_1536/05_structural_variations/201555_S7100Nr2142_wgs.cnv.vcf.gz,/cegatbucket/cegatsamples/S7100_240108_1536/05_structural_variations/201555_S7100Nr2142_wgs.sv.vcf.gz,/cegatbucket/cegatsamples/S7100_240108_1536/02_bam/201555_S7100Nr2142_wgs.bam
211741,WGS,S7100_240108_1536,/cegatbucket/cegatsamples/S7100_240108_1536/03_small_variants/211741_S7100Nr2127_wgs.snvs_indels.vcf.gz,/cegatbucket/cegatsamples/S7100_240108_1536/05_structural_variations/211741_S7100Nr2127_wgs.cnv.vcf.gz,/cegatbucket/cegatsamples/S7100_240108_1536/05_structural_variations/211741_S7100Nr2127_wgs.sv.vcf.gz,/cegatbucket/cegatsamples/S7100_240108_1536/02_bam/211741_S7100Nr2127_wgs.bam
211742,WGS,S7100_240108_1536,/cegatbucket/cegatsamples/S7100_240108_1536/03_small_variants/211742_S7100Nr2126_wgs.snvs_indels.vcf.gz,/cegatbucket/cegatsamples/S7100_240108_1536/05_structural_variations/211742_S7100Nr2126_wgs.cnv.vcf.gz,/cegatbucket/cegatsamples/S7100_240108_1536/05_structural_variations/211742_S7100Nr2126_wgs.sv.vcf.gz,/cegatbucket/cegatsamples/S7100_240108_1536/02_bam/211742_S7100Nr2126_wgs.bam
211755,WGS,S7100_240108_1536,/cegatbucket/cegatsamples/S7100_240108_1536/03_small_variants/211755_S7100Nr2124_wgs.snvs_indels.vcf.gz,/cegatbucket/cegatsamples/S7100_240108_1536/05_structural_variations/211755_S7100Nr2124_wgs.cnv.vcf.gz,/cegatbucket/cegatsamples/S7100_240108_1536/05_structural_variations/211755_S7100Nr2124_wgs.sv.vcf.gz,/cegatbucket/cegatsamples/S7100_240108_1536/02_bam/211755_S7100Nr2124_wgs.bam
211756,WGS,S7100_240108_1536,/cegatbucket/cegatsamples/S7100_240108_1536/03_small_variants/211756_S7100Nr2125_wgs.snvs_indels.vcf.gz,/cegatbucket/cegatsamples/S7100_240108_1536/05_structural_variations/211756_S7100Nr2125_wgs.cnv.vcf.gz,/cegatbucket/cegatsamples/S7100_240108_1536/05_structural_variations/211756_S7100Nr2125_wgs.sv.vcf.gz,/cegatbucket/cegatsamples/S7100_240108_1536/02_bam/211756_S7100Nr2125_wgs.bam
211761,WGS,S7100_240108_1536,/cegatbucket/cegatsamples/S7100_240108_1536/03_small_variants/211761_S7100Nr2130_wgs.snvs_indels.vcf.gz,/cegatbucket/cegatsamples/S7100_240108_1536/05_structural_variations/211761_S7100Nr2130_wgs.cnv.vcf.gz,/cegatbucket/cegatsamples/S7100_240108_1536/05_structural_variations/211761_S7100Nr2130_wgs.sv.vcf.gz,/cegatbucket/cegatsamples/S7100_240108_1536/02_bam/211761_S7100Nr2130_wgs.bam
211762,WGS,S7100_240108_1536,/cegatbucket/cegatsamples/S7100_240108_1536/03_small_variants/211762_S7100Nr2131_wgs.snvs_indels.vcf.gz,/cegatbucket/cegatsamples/S7100_240108_1536/05_structural_variations/211762_S7100Nr2131_wgs.cnv.vcf.gz,/cegatbucket/cegatsamples/S7100_240108_1536/05_structural_variations/211762_S7100Nr2131_wgs.sv.vcf.gz,/cegatbucket/cegatsamples/S7100_240108_1536/02_bam/211762_S7100Nr2131_wgs.bam
211763,WGS,S7100_240108_1536,/cegatbucket/cegatsamples/S7100_240108_1536/03_small_variants/211763_S7100Nr2123_wgs.snvs_indels.vcf.gz,/cegatbucket/cegatsamples/S7100_240108_1536/05_structural_variations/211763_S7100Nr2123_wgs.cnv.vcf.gz,/cegatbucket/cegatsamples/S7100_240108_1536/05_structural_variations/211763_S7100Nr2123_wgs.sv.vcf.gz,/cegatbucket/cegatsamples/S7100_240108_1536/02_bam/211763_S7100Nr2123_wgs.bam
211766,WGS,S7100_240108_1536,/cegatbucket/cegatsamples/S7100_240108_1536/03_small_variants/211766_S7100Nr2132_wgs.snvs_indels.vcf.gz,/cegatbucket/cegatsamples/S7100_240108_1536/05_structural_variations/211766_S7100Nr2132_wgs.cnv.vcf.gz,/cegatbucket/cegatsamples/S7100_240108_1536/05_structural_variations/211766_S7100Nr2132_wgs.sv.vcf.gz,/cegatbucket/cegatsamples/S7100_240108_1536/02_bam/211766_S7100Nr2132_wgs.bam
211768,WGS,S7100_240108_1536,/cegatbucket/cegatsamples/S7100_240108_1536/03_small_variants/211768_S7100Nr2129_wgs.snvs_indels.vcf.gz,/cegatbucket/cegatsamples/S7100_240108_1536/05_structural_variations/211768_S7100Nr2129_wgs.cnv.vcf.gz,/cegatbucket/cegatsamples/S7100_240108_1536/05_structural_variations/211768_S7100Nr2129_wgs.sv.vcf.gz,/cegatbucket/cegatsamples/S7100_240108_1536/02_bam/211768_S7100Nr2129_wgs.bam
211782,WGS,S7100_240108_1536,/cegatbucket/cegatsamples/S7100_240108_1536/03_small_variants/211782_S7100Nr2134_wgs.snvs_indels.vcf.gz,/cegatbucket/cegatsamples/S7100_240108_1536/05_structural_variations/211782_S7100Nr2134_wgs.cnv.vcf.gz,/cegatbucket/cegatsamples/S7100_240108_1536/05_structural_variations/211782_S7100Nr2134_wgs.sv.vcf.gz,/cegatbucket/cegatsamples/S7100_240108_1536/02_bam/211782_S7100Nr2134_wgs.bam
211786,WGS,S7100_240108_1536,/cegatbucket/cegatsamples/S7100_240108_1536/03_small_variants/211786_S7100Nr2105_wgs.snvs_indels.vcf.gz,/cegatbucket/cegatsamples/S7100_240108_1536/05_structural_variations/211786_S7100Nr2105_wgs.cnv.vcf.gz,/cegatbucket/cegatsamples/S7100_240108_1536/05_structural_variations/211786_S7100Nr2105_wgs.sv.vcf.gz,/cegatbucket/cegatsamples/S7100_240108_1536/02_bam/211786_S7100Nr2105_wgs.bam
211811,WGS,S7100_240108_1536,/cegatbucket/cegatsamples/S7100_240108_1536/03_small_variants/211811_S7100Nr2141_wgs.snvs_indels.vcf.gz,/cegatbucket/cegatsamples/S7100_240108_1536/05_structural_variations/211811_S7100Nr2141_wgs.cnv.vcf.gz,/cegatbucket/cegatsamples/S7100_240108_1536/05_structural_variations/211811_S7100Nr2141_wgs.sv.vcf.gz,/cegatbucket/cegatsamples/S7100_240108_1536/02_bam/211811_S7100Nr2141_wgs.bam
211812,WGS,S7100_240108_1536,/cegatbucket/cegatsamples/S7100_240108_1536/03_small_variants/211812_S7100Nr2135_wgs.snvs_indels.vcf.gz,/cegatbucket/cegatsamples/S7100_240108_1536/05_structural_variations/211812_S7100Nr2135_wgs.cnv.vcf.gz,/cegatbucket/cegatsamples/S7100_240108_1536/05_structural_variations/211812_S7100Nr2135_wgs.sv.vcf.gz,/cegatbucket/cegatsamples/S7100_240108_1536/02_bam/211812_S7100Nr2135_wgs.bam
211813,WGS,S7100_240108_1536,/cegatbucket/cegatsamples/S7100_240108_1536/03_small_variants/211813_S7100Nr2169_wgs.snvs_indels.vcf.gz,/cegatbucket/cegatsamples/S7100_240108_1536/05_structural_variations/211813_S7100Nr2169_wgs.cnv.vcf.gz,/cegatbucket/cegatsamples/S7100_240108_1536/05_structural_variations/211813_S7100Nr2169_wgs.sv.vcf.gz,/cegatbucket/cegatsamples/S7100_240108_1536/02_bam/211813_S7100Nr2169_wgs.bam
211814,WGS,S7100_240108_1536,/cegatbucket/cegatsamples/S7100_240108_1536/03_small_variants/211814_S7100Nr2139_wgs.snvs_indels.vcf.gz,/cegatbucket/cegatsamples/S7100_240108_1536/05_structural_variations/211814_S7100Nr2139_wgs.cnv.vcf.gz,/cegatbucket/cegatsamples/S7100_240108_1536/05_structural_variations/211814_S7100Nr2139_wgs.sv.vcf.gz,/cegatbucket/cegatsamples/S7100_240108_1536/02_bam/211814_S7100Nr2139_wgs.bam
211815,WGS,S7100_240108_1536,/cegatbucket/cegatsamples/S7100_240108_1536/03_small_variants/211815_S7100Nr2138_wgs.snvs_indels.vcf.gz,/cegatbucket/cegatsamples/S7100_240108_1536/05_structural_variations/211815_S7100Nr2138_wgs.cnv.vcf.gz,/cegatbucket/cegatsamples/S7100_240108_1536/05_structural_variations/211815_S7100Nr2138_wgs.sv.vcf.gz,/cegatbucket/cegatsamples/S7100_240108_1536/02_bam/211815_S7100Nr2138_wgs.bam
211816,WGS,S7100_240108_1536,/cegatbucket/cegatsamples/S7100_240108_1536/03_small_variants/211816_S7100Nr2137_wgs.snvs_indels.vcf.gz,/cegatbucket/cegatsamples/S7100_240108_1536/05_structural_variations/211816_S7100Nr2137_wgs.cnv.vcf.gz,/cegatbucket/cegatsamples/S7100_240108_1536/05_structural_variations/211816_S7100Nr2137_wgs.sv.vcf.gz,/cegatbucket/cegatsamples/S7100_240108_1536/02_bam/211816_S7100Nr2137_wgs.bam
211824,WGS,S7100_240108_1536,/cegatbucket/cegatsamples/S7100_240108_1536/03_small_variants/211824_S7100Nr2182_wgs.snvs_indels.vcf.gz,/cegatbucket/cegatsamples/S7100_240108_1536/05_structural_variations/211824_S7100Nr2182_wgs.cnv.vcf.gz,/cegatbucket/cegatsamples/S7100_240108_1536/05_structural_variations/211824_S7100Nr2182_wgs.sv.vcf.gz,/cegatbucket/cegatsamples/S7100_240108_1536/02_bam/211824_S7100Nr2182_wgs.bam
211825,WGS,S7100_240108_1536,/cegatbucket/cegatsamples/S7100_240108_1536/03_small_variants/211825_S7100Nr2178_wgs.snvs_indels.vcf.gz,/cegatbucket/cegatsamples/S7100_240108_1536/05_structural_variations/211825_S7100Nr2178_wgs.cnv.vcf.gz,/cegatbucket/cegatsamples/S7100_240108_1536/05_structural_variations/211825_S7100Nr2178_wgs.sv.vcf.gz,/cegatbucket/cegatsamples/S7100_240108_1536/02_bam/211825_S7100Nr2178_wgs.bam
211826,WGS,S7100_240108_1536,/cegatbucket/cegatsamples/S7100_240108_1536/03_small_variants/211826_S7100Nr2140_wgs.snvs_indels.vcf.gz,/cegatbucket/cegatsamples/S7100_240108_1536/05_structural_variations/211826_S7100Nr2140_wgs.cnv.vcf.gz,/cegatbucket/cegatsamples/S7100_240108_1536/05_structural_variations/211826_S7100Nr2140_wgs.sv.vcf.gz,/cegatbucket/cegatsamples/S7100_240108_1536/02_bam/211826_S7100Nr2140_wgs.bam
211831,WGS,S7100_240108_1536,/cegatbucket/cegatsamples/S7100_240108_1536/03_small_variants/211831_S7100Nr2175_wgs.snvs_indels.vcf.gz,/cegatbucket/cegatsamples/S7100_240108_1536/05_structural_variations/211831_S7100Nr2175_wgs.cnv.vcf.gz,/cegatbucket/cegatsamples/S7100_240108_1536/05_structural_variations/211831_S7100Nr2175_wgs.sv.vcf.gz,/cegatbucket/cegatsamples/S7100_240108_1536/02_bam/211831_S7100Nr2175_wgs.bam
211833,WGS,S7100_240108_1536,/cegatbucket/cegatsamples/S7100_240108_1536/03_small_variants/211833_S7100Nr2152_wgs.snvs_indels.vcf.gz,/cegatbucket/cegatsamples/S7100_240108_1536/05_structural_variations/211833_S7100Nr2152_wgs.cnv.vcf.gz,/cegatbucket/cegatsamples/S7100_240108_1536/05_structural_variations/211833_S7100Nr2152_wgs.sv.vcf.gz,/cegatbucket/cegatsamples/S7100_240108_1536/02_bam/211833_S7100Nr2152_wgs.bam
211839,WGS,S7100_240108_1536,/cegatbucket/cegatsamples/S7100_240108_1536/03_small_variants/211839_S7100Nr2143_wgs.snvs_indels.vcf.gz,/cegatbucket/cegatsamples/S7100_240108_1536/05_structural_variations/211839_S7100Nr2143_wgs.cnv.vcf.gz,/cegatbucket/cegatsamples/S7100_240108_1536/05_structural_variations/211839_S7100Nr2143_wgs.sv.vcf.gz,/cegatbucket/cegatsamples/S7100_240108_1536/02_bam/211839_S7100Nr2143_wgs.bam
211843,WGS,S7100_240108_1536,/cegatbucket/cegatsamples/S7100_240108_1536/03_small_variants/211843_S7100Nr2179_wgs.snvs_indels.vcf.gz,/cegatbucket/cegatsamples/S7100_240108_1536/05_structural_variations/211843_S7100Nr2179_wgs.cnv.vcf.gz,/cegatbucket/cegatsamples/S7100_240108_1536/05_structural_variations/211843_S7100Nr2179_wgs.sv.vcf.gz,/cegatbucket/cegatsamples/S7100_240108_1536/02_bam/211843_S7100Nr2179_wgs.bam
211846,WGS,S7100_240108_1536,/cegatbucket/cegatsamples/S7100_240108_1536/03_small_variants/211846_S7100Nr2156_wgs.snvs_indels.vcf.gz,/cegatbucket/cegatsamples/S7100_240108_1536/05_structural_variations/211846_S7100Nr2156_wgs.cnv.vcf.gz,/cegatbucket/cegatsamples/S7100_240108_1536/05_structural_variations/211846_S7100Nr2156_wgs.sv.vcf.gz,/cegatbucket/cegatsamples/S7100_240108_1536/02_bam/211846_S7100Nr2156_wgs.bam
211849,WGS,S7100_240108_1536,/cegatbucket/cegatsamples/S7100_240108_1536/03_small_variants/211849_S7100Nr2167_wgs.snvs_indels.vcf.gz,/cegatbucket/cegatsamples/S7100_240108_1536/05_structural_variations/211849_S7100Nr2167_wgs.cnv.vcf.gz,/cegatbucket/cegatsamples/S7100_240108_1536/05_structural_variations/211849_S7100Nr2167_wgs.sv.vcf.gz,/cegatbucket/cegatsamples/S7100_240108_1536/02_bam/211849_S7100Nr2167_wgs.bam
211856,WGS,S7100_240108_1536,/cegatbucket/cegatsamples/S7100_240108_1536/03_small_variants/211856_S7100Nr2151_wgs.snvs_indels.vcf.gz,/cegatbucket/cegatsamples/S7100_240108_1536/05_structural_variations/211856_S7100Nr2151_wgs.cnv.vcf.gz,/cegatbucket/cegatsamples/S7100_240108_1536/05_structural_variations/211856_S7100Nr2151_wgs.sv.vcf.gz,/cegatbucket/cegatsamples/S7100_240108_1536/02_bam/211856_S7100Nr2151_wgs.bam
211857,WGS,S7100_240108_1536,/cegatbucket/cegatsamples/S7100_240108_1536/03_small_variants/211857_S7100Nr2157_wgs.snvs_indels.vcf.gz,/cegatbucket/cegatsamples/S7100_240108_1536/05_structural_variations/211857_S7100Nr2157_wgs.cnv.vcf.gz,/cegatbucket/cegatsamples/S7100_240108_1536/05_structural_variations/211857_S7100Nr2157_wgs.sv.vcf.gz,/cegatbucket/cegatsamples/S7100_240108_1536/02_bam/211857_S7100Nr2157_wgs.bam
211863,WGS,S7100_240108_1536,/cegatbucket/cegatsamples/S7100_240108_1536/03_small_variants/211863_S7100Nr2136_wgs.snvs_indels.vcf.gz,/cegatbucket/cegatsamples/S7100_240108_1536/05_structural_variations/211863_S7100Nr2136_wgs.cnv.vcf.gz,/cegatbucket/cegatsamples/S7100_240108_1536/05_structural_variations/211863_S7100Nr2136_wgs.sv.vcf.gz,/cegatbucket/cegatsamples/S7100_240108_1536/02_bam/211863_S7100Nr2136_wgs.bam
211865,WGS,S7100_240108_1536,/cegatbucket/cegatsamples/S7100_240108_1536/03_small_variants/211865_S7100Nr2171_wgs.snvs_indels.vcf.gz,/cegatbucket/cegatsamples/S7100_240108_1536/05_structural_variations/211865_S7100Nr2171_wgs.cnv.vcf.gz,/cegatbucket/cegatsamples/S7100_240108_1536/05_structural_variations/211865_S7100Nr2171_wgs.sv.vcf.gz,/cegatbucket/cegatsamples/S7100_240108_1536/02_bam/211865_S7100Nr2171_wgs.bam
211867,WGS,S7100_240108_1536,/cegatbucket/cegatsamples/S7100_240108_1536/03_small_variants/211867_S7100Nr2172_wgs.snvs_indels.vcf.gz,/cegatbucket/cegatsamples/S7100_240108_1536/05_structural_variations/211867_S7100Nr2172_wgs.cnv.vcf.gz,/cegatbucket/cegatsamples/S7100_240108_1536/05_structural_variations/211867_S7100Nr2172_wgs.sv.vcf.gz,/cegatbucket/cegatsamples/S7100_240108_1536/02_bam/211867_S7100Nr2172_wgs.bam
211868,WGS,S7100_240108_1536,/cegatbucket/cegatsamples/S7100_240108_1536/03_small_variants/211868_S7100Nr2173_wgs.snvs_indels.vcf.gz,/cegatbucket/cegatsamples/S7100_240108_1536/05_structural_variations/211868_S7100Nr2173_wgs.cnv.vcf.gz,/cegatbucket/cegatsamples/S7100_240108_1536/05_structural_variations/211868_S7100Nr2173_wgs.sv.vcf.gz,/cegatbucket/cegatsamples/S7100_240108_1536/02_bam/211868_S7100Nr2173_wgs.bam
211886,WGS,S7100_240108_1536,/cegatbucket/cegatsamples/S7100_240108_1536/03_small_variants/211886_S7100Nr2184_wgs.snvs_indels.vcf.gz,/cegatbucket/cegatsamples/S7100_240108_1536/05_structural_variations/211886_S7100Nr2184_wgs.cnv.vcf.gz,/cegatbucket/cegatsamples/S7100_240108_1536/05_structural_variations/211886_S7100Nr2184_wgs.sv.vcf.gz,/cegatbucket/cegatsamples/S7100_240108_1536/02_bam/211886_S7100Nr2184_wgs.bam
211887,WGS,S7100_240108_1536,/cegatbucket/cegatsamples/S7100_240108_1536/03_small_variants/211887_S7100Nr2183_wgs.snvs_indels.vcf.gz,/cegatbucket/cegatsamples/S7100_240108_1536/05_structural_variations/211887_S7100Nr2183_wgs.cnv.vcf.gz,/cegatbucket/cegatsamples/S7100_240108_1536/05_structural_variations/211887_S7100Nr2183_wgs.sv.vcf.gz,/cegatbucket/cegatsamples/S7100_240108_1536/02_bam/211887_S7100Nr2183_wgs.bam
211888,WGS,S7100_240108_1536,/cegatbucket/cegatsamples/S7100_240108_1536/03_small_variants/211888_S7100Nr2185_wgs.snvs_indels.vcf.gz,/cegatbucket/cegatsamples/S7100_240108_1536/05_structural_variations/211888_S7100Nr2185_wgs.cnv.vcf.gz,/cegatbucket/cegatsamples/S7100_240108_1536/05_structural_variations/211888_S7100Nr2185_wgs.sv.vcf.gz,/cegatbucket/cegatsamples/S7100_240108_1536/02_bam/211888_S7100Nr2185_wgs.bam
211835,WES,S7100_240109_0852,/cegatbucket/cegatsamples/S7100_240109_0852/03_small_variants/211835_S7100Nr2168_S000021.snvs_indels.vcf.gz,/cegatbucket/cegatsamples/S7100_240109_0852/05_structural_variations/211835_S7100Nr2168_S000021.cnv.vcf.gz,/cegatbucket/cegatsamples/S7100_240109_0852/05_structural_variations/211835_S7100Nr2168_S000021.sv.vcf.gz,/cegatbucket/cegatsamples/S7100_240109_0852/02_bam/211835_S7100Nr2168_S000021.bam
211844,WES,S7100_240109_0852,/cegatbucket/cegatsamples/S7100_240109_0852/03_small_variants/211844_S7100Nr2153_S000021.snvs_indels.vcf.gz,/cegatbucket/cegatsamples/S7100_240109_0852/05_structural_variations/211844_S7100Nr2153_S000021.cnv.vcf.gz,/cegatbucket/cegatsamples/S7100_240109_0852/05_structural_variations/211844_S7100Nr2153_S000021.sv.vcf.gz,/cegatbucket/cegatsamples/S7100_240109_0852/02_bam/211844_S7100Nr2153_S000021.bam
211829,WES,S7100_240116_0858,/cegatbucket/cegatsamples/S7100_240116_0858/03_small_variants/211829_S7100Nr2176_S000021.snvs_indels.vcf.gz,/cegatbucket/cegatsamples/S7100_240116_0858/05_structural_variations/211829_S7100Nr2176_S000021.cnv.vcf.gz,/cegatbucket/cegatsamples/S7100_240116_0858/05_structural_variations/211829_S7100Nr2176_S000021.sv.vcf.gz,/cegatbucket/cegatsamples/S7100_240116_0858/02_bam/211829_S7100Nr2176_S000021.bam
211853,WES,S7100_240116_0858,/cegatbucket/cegatsamples/S7100_240116_0858/03_small_variants/211853_S7100Nr2181_S000021.snvs_indels.vcf.gz,/cegatbucket/cegatsamples/S7100_240116_0858/05_structural_variations/211853_S7100Nr2181_S000021.cnv.vcf.gz,/cegatbucket/cegatsamples/S7100_240116_0858/05_structural_variations/211853_S7100Nr2181_S000021.sv.vcf.gz,/cegatbucket/cegatsamples/S7100_240116_0858/02_bam/211853_S7100Nr2181_S000021.bam
211864,WES,S7100_240116_0858,/cegatbucket/cegatsamples/S7100_240116_0858/03_small_variants/211864_S7100Nr2186_S000021.snvs_indels.vcf.gz,/cegatbucket/cegatsamples/S7100_240116_0858/05_structural_variations/211864_S7100Nr2186_S000021.cnv.vcf.gz,/cegatbucket/cegatsamples/S7100_240116_0858/05_structural_variations/211864_S7100Nr2186_S000021.sv.vcf.gz,/cegatbucket/cegatsamples/S7100_240116_0858/02_bam/211864_S7100Nr2186_S000021.bam
211873,WES,S7100_240116_0858,/cegatbucket/cegatsamples/S7100_240116_0858/03_small_variants/211873_S7100Nr2203_S000021.snvs_indels.vcf.gz,/cegatbucket/cegatsamples/S7100_240116_0858/05_structural_variations/211873_S7100Nr2203_S000021.cnv.vcf.gz,/cegatbucket/cegatsamples/S7100_240116_0858/05_structural_variations/211873_S7100Nr2203_S000021.sv.vcf.gz,/cegatbucket/cegatsamples/S7100_240116_0858/02_bam/211873_S7100Nr2203_S000021.bam
211914,WES,S7100_240116_0858,/cegatbucket/cegatsamples/S7100_240116_0858/03_small_variants/211914_S7100Nr2233_S000021.snvs_indels.vcf.gz,/cegatbucket/cegatsamples/S7100_240116_0858/05_structural_variations/211914_S7100Nr2233_S000021.cnv.vcf.gz,/cegatbucket/cegatsamples/S7100_240116_0858/05_structural_variations/211914_S7100Nr2233_S000021.sv.vcf.gz,/cegatbucket/cegatsamples/S7100_240116_0858/02_bam/211914_S7100Nr2233_S000021.bam
211915,WES,S7100_240116_0858,/cegatbucket/cegatsamples/S7100_240116_0858/03_small_variants/211915_S7100Nr2232_S000021.snvs_indels.vcf.gz,/cegatbucket/cegatsamples/S7100_240116_0858/05_structural_variations/211915_S7100Nr2232_S000021.cnv.vcf.gz,/cegatbucket/cegatsamples/S7100_240116_0858/05_structural_variations/211915_S7100Nr2232_S000021.sv.vcf.gz,/cegatbucket/cegatsamples/S7100_240116_0858/02_bam/211915_S7100Nr2232_S000021.bam
211827,WGS,S7100_240116_1019,/cegatbucket/cegatsamples/S7100_240116_1019/03_small_variants/211827_S7100Nr2187_wgs.snvs_indels.vcf.gz,/cegatbucket/cegatsamples/S7100_240116_1019/05_structural_variations/211827_S7100Nr2187_wgs.cnv.vcf.gz,/cegatbucket/cegatsamples/S7100_240116_1019/05_structural_variations/211827_S7100Nr2187_wgs.sv.vcf.gz,/cegatbucket/cegatsamples/S7100_240116_1019/02_bam/211827_S7100Nr2187_wgs.bam
211828,WGS,S7100_240116_1019,/cegatbucket/cegatsamples/S7100_240116_1019/03_small_variants/211828_S7100Nr2177_wgs.snvs_indels.vcf.gz,/cegatbucket/cegatsamples/S7100_240116_1019/05_structural_variations/211828_S7100Nr2177_wgs.cnv.vcf.gz,/cegatbucket/cegatsamples/S7100_240116_1019/05_structural_variations/211828_S7100Nr2177_wgs.sv.vcf.gz,/cegatbucket/cegatsamples/S7100_240116_1019/02_bam/211828_S7100Nr2177_wgs.bam
211840,WGS,S7100_240116_1019,/cegatbucket/cegatsamples/S7100_240116_1019/03_small_variants/211840_S7100Nr2189_wgs.snvs_indels.vcf.gz,/cegatbucket/cegatsamples/S7100_240116_1019/05_structural_variations/211840_S7100Nr2189_wgs.cnv.vcf.gz,/cegatbucket/cegatsamples/S7100_240116_1019/05_structural_variations/211840_S7100Nr2189_wgs.sv.vcf.gz,/cegatbucket/cegatsamples/S7100_240116_1019/02_bam/211840_S7100Nr2189_wgs.bam
211841,WGS,S7100_240116_1019,/cegatbucket/cegatsamples/S7100_240116_1019/03_small_variants/211841_S7100Nr2188_wgs.snvs_indels.vcf.gz,/cegatbucket/cegatsamples/S7100_240116_1019/05_structural_variations/211841_S7100Nr2188_wgs.cnv.vcf.gz,/cegatbucket/cegatsamples/S7100_240116_1019/05_structural_variations/211841_S7100Nr2188_wgs.sv.vcf.gz,/cegatbucket/cegatsamples/S7100_240116_1019/02_bam/211841_S7100Nr2188_wgs.bam
211842,WGS,S7100_240116_1019,/cegatbucket/cegatsamples/S7100_240116_1019/03_small_variants/211842_S7100Nr2180_wgs.snvs_indels.vcf.gz,/cegatbucket/cegatsamples/S7100_240116_1019/05_structural_variations/211842_S7100Nr2180_wgs.cnv.vcf.gz,/cegatbucket/cegatsamples/S7100_240116_1019/05_structural_variations/211842_S7100Nr2180_wgs.sv.vcf.gz,/cegatbucket/cegatsamples/S7100_240116_1019/02_bam/211842_S7100Nr2180_wgs.bam
211866,WGS,S7100_240116_1019,/cegatbucket/cegatsamples/S7100_240116_1019/03_small_variants/211866_S7100Nr2170_wgs.snvs_indels.vcf.gz,/cegatbucket/cegatsamples/S7100_240116_1019/05_structural_variations/211866_S7100Nr2170_wgs.cnv.vcf.gz,/cegatbucket/cegatsamples/S7100_240116_1019/05_structural_variations/211866_S7100Nr2170_wgs.sv.vcf.gz,/cegatbucket/cegatsamples/S7100_240116_1019/02_bam/211866_S7100Nr2170_wgs.bam
211874,WGS,S7100_240116_1019,/cegatbucket/cegatsamples/S7100_240116_1019/03_small_variants/211874_S7100Nr2193_wgs.snvs_indels.vcf.gz,/cegatbucket/cegatsamples/S7100_240116_1019/05_structural_variations/211874_S7100Nr2193_wgs.cnv.vcf.gz,/cegatbucket/cegatsamples/S7100_240116_1019/05_structural_variations/211874_S7100Nr2193_wgs.sv.vcf.gz,/cegatbucket/cegatsamples/S7100_240116_1019/02_bam/211874_S7100Nr2193_wgs.bam
211877,WGS,S7100_240116_1019,/cegatbucket/cegatsamples/S7100_240116_1019/03_small_variants/211877_S7100Nr2207_wgs.snvs_indels.vcf.gz,/cegatbucket/cegatsamples/S7100_240116_1019/05_structural_variations/211877_S7100Nr2207_wgs.cnv.vcf.gz,/cegatbucket/cegatsamples/S7100_240116_1019/05_structural_variations/211877_S7100Nr2207_wgs.sv.vcf.gz,/cegatbucket/cegatsamples/S7100_240116_1019/02_bam/211877_S7100Nr2207_wgs.bam
211881,WGS,S7100_240116_1019,/cegatbucket/cegatsamples/S7100_240116_1019/03_small_variants/211881_S7100Nr2196_wgs.snvs_indels.vcf.gz,/cegatbucket/cegatsamples/S7100_240116_1019/05_structural_variations/211881_S7100Nr2196_wgs.cnv.vcf.gz,/cegatbucket/cegatsamples/S7100_240116_1019/05_structural_variations/211881_S7100Nr2196_wgs.sv.vcf.gz,/cegatbucket/cegatsamples/S7100_240116_1019/02_bam/211881_S7100Nr2196_wgs.bam
211885,WGS,S7100_240116_1019,/cegatbucket/cegatsamples/S7100_240116_1019/03_small_variants/211885_S7100Nr2199_wgs.snvs_indels.vcf.gz,/cegatbucket/cegatsamples/S7100_240116_1019/05_structural_variations/211885_S7100Nr2199_wgs.cnv.vcf.gz,/cegatbucket/cegatsamples/S7100_240116_1019/05_structural_variations/211885_S7100Nr2199_wgs.sv.vcf.gz,/cegatbucket/cegatsamples/S7100_240116_1019/02_bam/211885_S7100Nr2199_wgs.bam
211890,WGS,S7100_240116_1019,/cegatbucket/cegatsamples/S7100_240116_1019/03_small_variants/211890_S7100Nr2221_wgs.snvs_indels.vcf.gz,/cegatbucket/cegatsamples/S7100_240116_1019/05_structural_variations/211890_S7100Nr2221_wgs.cnv.vcf.gz,/cegatbucket/cegatsamples/S7100_240116_1019/05_structural_variations/211890_S7100Nr2221_wgs.sv.vcf.gz,/cegatbucket/cegatsamples/S7100_240116_1019/02_bam/211890_S7100Nr2221_wgs.bam
211891,WGS,S7100_240116_1019,/cegatbucket/cegatsamples/S7100_240116_1019/03_small_variants/211891_S7100Nr2222_wgs.snvs_indels.vcf.gz,/cegatbucket/cegatsamples/S7100_240116_1019/05_structural_variations/211891_S7100Nr2222_wgs.cnv.vcf.gz,/cegatbucket/cegatsamples/S7100_240116_1019/05_structural_variations/211891_S7100Nr2222_wgs.sv.vcf.gz,/cegatbucket/cegatsamples/S7100_240116_1019/02_bam/211891_S7100Nr2222_wgs.bam
211892,WGS,S7100_240116_1019,/cegatbucket/cegatsamples/S7100_240116_1019/03_small_variants/211892_S7100Nr2225_wgs.snvs_indels.vcf.gz,/cegatbucket/cegatsamples/S7100_240116_1019/05_structural_variations/211892_S7100Nr2225_wgs.cnv.vcf.gz,/cegatbucket/cegatsamples/S7100_240116_1019/05_structural_variations/211892_S7100Nr2225_wgs.sv.vcf.gz,/cegatbucket/cegatsamples/S7100_240116_1019/02_bam/211892_S7100Nr2225_wgs.bam
211893,WGS,S7100_240116_1019,/cegatbucket/cegatsamples/S7100_240116_1019/03_small_variants/211893_S7100Nr2224_wgs.snvs_indels.vcf.gz,/cegatbucket/cegatsamples/S7100_240116_1019/05_structural_variations/211893_S7100Nr2224_wgs.cnv.vcf.gz,/cegatbucket/cegatsamples/S7100_240116_1019/05_structural_variations/211893_S7100Nr2224_wgs.sv.vcf.gz,/cegatbucket/cegatsamples/S7100_240116_1019/02_bam/211893_S7100Nr2224_wgs.bam
211899,WGS,S7100_240116_1019,/cegatbucket/cegatsamples/S7100_240116_1019/03_small_variants/211899_S7100Nr2223_wgs.snvs_indels.vcf.gz,/cegatbucket/cegatsamples/S7100_240116_1019/05_structural_variations/211899_S7100Nr2223_wgs.cnv.vcf.gz,/cegatbucket/cegatsamples/S7100_240116_1019/05_structural_variations/211899_S7100Nr2223_wgs.sv.vcf.gz,/cegatbucket/cegatsamples/S7100_240116_1019/02_bam/211899_S7100Nr2223_wgs.bam
211900,WGS,S7100_240116_1019,/cegatbucket/cegatsamples/S7100_240116_1019/03_small_variants/211900_S7100Nr2201_wgs.snvs_indels.vcf.gz,/cegatbucket/cegatsamples/S7100_240116_1019/05_structural_variations/211900_S7100Nr2201_wgs.cnv.vcf.gz,/cegatbucket/cegatsamples/S7100_240116_1019/05_structural_variations/211900_S7100Nr2201_wgs.sv.vcf.gz,/cegatbucket/cegatsamples/S7100_240116_1019/02_bam/211900_S7100Nr2201_wgs.bam
211901,WGS,S7100_240116_1019,/cegatbucket/cegatsamples/S7100_240116_1019/03_small_variants/211901_S7100Nr2202_wgs.snvs_indels.vcf.gz,/cegatbucket/cegatsamples/S7100_240116_1019/05_structural_variations/211901_S7100Nr2202_wgs.cnv.vcf.gz,/cegatbucket/cegatsamples/S7100_240116_1019/05_structural_variations/211901_S7100Nr2202_wgs.sv.vcf.gz,/cegatbucket/cegatsamples/S7100_240116_1019/02_bam/211901_S7100Nr2202_wgs.bam
211903,WGS,S7100_240116_1019,/cegatbucket/cegatsamples/S7100_240116_1019/03_small_variants/211903_S7100Nr2219_wgs.snvs_indels.vcf.gz,/cegatbucket/cegatsamples/S7100_240116_1019/05_structural_variations/211903_S7100Nr2219_wgs.cnv.vcf.gz,/cegatbucket/cegatsamples/S7100_240116_1019/05_structural_variations/211903_S7100Nr2219_wgs.sv.vcf.gz,/cegatbucket/cegatsamples/S7100_240116_1019/02_bam/211903_S7100Nr2219_wgs.bam
211904,WGS,S7100_240116_1019,/cegatbucket/cegatsamples/S7100_240116_1019/03_small_variants/211904_S7100Nr2220_wgs.snvs_indels.vcf.gz,/cegatbucket/cegatsamples/S7100_240116_1019/05_structural_variations/211904_S7100Nr2220_wgs.cnv.vcf.gz,/cegatbucket/cegatsamples/S7100_240116_1019/05_structural_variations/211904_S7100Nr2220_wgs.sv.vcf.gz,/cegatbucket/cegatsamples/S7100_240116_1019/02_bam/211904_S7100Nr2220_wgs.bam
211905,WGS,S7100_240116_1019,/cegatbucket/cegatsamples/S7100_240116_1019/03_small_variants/211905_S7100Nr2216_wgs.snvs_indels.vcf.gz,/cegatbucket/cegatsamples/S7100_240116_1019/05_structural_variations/211905_S7100Nr2216_wgs.cnv.vcf.gz,/cegatbucket/cegatsamples/S7100_240116_1019/05_structural_variations/211905_S7100Nr2216_wgs.sv.vcf.gz,/cegatbucket/cegatsamples/S7100_240116_1019/02_bam/211905_S7100Nr2216_wgs.bam
211906,WGS,S7100_240116_1019,/cegatbucket/cegatsamples/S7100_240116_1019/03_small_variants/211906_S7100Nr2211_wgs.snvs_indels.vcf.gz,/cegatbucket/cegatsamples/S7100_240116_1019/05_structural_variations/211906_S7100Nr2211_wgs.cnv.vcf.gz,/cegatbucket/cegatsamples/S7100_240116_1019/05_structural_variations/211906_S7100Nr2211_wgs.sv.vcf.gz,/cegatbucket/cegatsamples/S7100_240116_1019/02_bam/211906_S7100Nr2211_wgs.bam
211907,WGS,S7100_240116_1019,/cegatbucket/cegatsamples/S7100_240116_1019/03_small_variants/211907_S7100Nr2209_wgs.snvs_indels.vcf.gz,/cegatbucket/cegatsamples/S7100_240116_1019/05_structural_variations/211907_S7100Nr2209_wgs.cnv.vcf.gz,/cegatbucket/cegatsamples/S7100_240116_1019/05_structural_variations/211907_S7100Nr2209_wgs.sv.vcf.gz,/cegatbucket/cegatsamples/S7100_240116_1019/02_bam/211907_S7100Nr2209_wgs.bam
211908,WGS,S7100_240116_1019,/cegatbucket/cegatsamples/S7100_240116_1019/03_small_variants/211908_S7100Nr2215_wgs.snvs_indels.vcf.gz,/cegatbucket/cegatsamples/S7100_240116_1019/05_structural_variations/211908_S7100Nr2215_wgs.cnv.vcf.gz,/cegatbucket/cegatsamples/S7100_240116_1019/05_structural_variations/211908_S7100Nr2215_wgs.sv.vcf.gz,/cegatbucket/cegatsamples/S7100_240116_1019/02_bam/211908_S7100Nr2215_wgs.bam
211909,WGS,S7100_240116_1019,/cegatbucket/cegatsamples/S7100_240116_1019/03_small_variants/211909_S7100Nr2214_wgs.snvs_indels.vcf.gz,/cegatbucket/cegatsamples/S7100_240116_1019/05_structural_variations/211909_S7100Nr2214_wgs.cnv.vcf.gz,/cegatbucket/cegatsamples/S7100_240116_1019/05_structural_variations/211909_S7100Nr2214_wgs.sv.vcf.gz,/cegatbucket/cegatsamples/S7100_240116_1019/02_bam/211909_S7100Nr2214_wgs.bam
211910,WGS,S7100_240116_1019,/cegatbucket/cegatsamples/S7100_240116_1019/03_small_variants/211910_S7100Nr2212_wgs.snvs_indels.vcf.gz,/cegatbucket/cegatsamples/S7100_240116_1019/05_structural_variations/211910_S7100Nr2212_wgs.cnv.vcf.gz,/cegatbucket/cegatsamples/S7100_240116_1019/05_structural_variations/211910_S7100Nr2212_wgs.sv.vcf.gz,/cegatbucket/cegatsamples/S7100_240116_1019/02_bam/211910_S7100Nr2212_wgs.bam
211911,WGS,S7100_240116_1019,/cegatbucket/cegatsamples/S7100_240116_1019/03_small_variants/211911_S7100Nr2213_wgs.snvs_indels.vcf.gz,/cegatbucket/cegatsamples/S7100_240116_1019/05_structural_variations/211911_S7100Nr2213_wgs.cnv.vcf.gz,/cegatbucket/cegatsamples/S7100_240116_1019/05_structural_variations/211911_S7100Nr2213_wgs.sv.vcf.gz,/cegatbucket/cegatsamples/S7100_240116_1019/02_bam/211911_S7100Nr2213_wgs.bam
211913,WGS,S7100_240116_1019,/cegatbucket/cegatsamples/S7100_240116_1019/03_small_variants/211913_S7100Nr2218_wgs.snvs_indels.vcf.gz,/cegatbucket/cegatsamples/S7100_240116_1019/05_structural_variations/211913_S7100Nr2218_wgs.cnv.vcf.gz,/cegatbucket/cegatsamples/S7100_240116_1019/05_structural_variations/211913_S7100Nr2218_wgs.sv.vcf.gz,/cegatbucket/cegatsamples/S7100_240116_1019/02_bam/211913_S7100Nr2218_wgs.bam
211917,WGS,S7100_240116_1019,/cegatbucket/cegatsamples/S7100_240116_1019/03_small_variants/211917_S7100Nr2235_wgs.snvs_indels.vcf.gz,/cegatbucket/cegatsamples/S7100_240116_1019/05_structural_variations/211917_S7100Nr2235_wgs.cnv.vcf.gz,/cegatbucket/cegatsamples/S7100_240116_1019/05_structural_variations/211917_S7100Nr2235_wgs.sv.vcf.gz,/cegatbucket/cegatsamples/S7100_240116_1019/02_bam/211917_S7100Nr2235_wgs.bam
211869,WGS,S7100_240123_1113,/cegatbucket/cegatsamples/S7100_240123_1113/03_small_variants/211869_S7100Nr2234_wgs.snvs_indels.vcf.gz,/cegatbucket/cegatsamples/S7100_240123_1113/05_structural_variations/211869_S7100Nr2234_wgs.cnv.vcf.gz,/cegatbucket/cegatsamples/S7100_240123_1113/05_structural_variations/211869_S7100Nr2234_wgs.sv.vcf.gz,/cegatbucket/cegatsamples/S7100_240123_1113/02_bam/211869_S7100Nr2234_wgs.bam
211895,WGS,S7100_240123_1113,/cegatbucket/cegatsamples/S7100_240123_1113/03_small_variants/211895_S7100Nr2227_wgs.snvs_indels.vcf.gz,/cegatbucket/cegatsamples/S7100_240123_1113/05_structural_variations/211895_S7100Nr2227_wgs.cnv.vcf.gz,/cegatbucket/cegatsamples/S7100_240123_1113/05_structural_variations/211895_S7100Nr2227_wgs.sv.vcf.gz,/cegatbucket/cegatsamples/S7100_240123_1113/02_bam/211895_S7100Nr2227_wgs.bam
211896,WGS,S7100_240123_1113,/cegatbucket/cegatsamples/S7100_240123_1113/03_small_variants/211896_S7100Nr2228_wgs.snvs_indels.vcf.gz,/cegatbucket/cegatsamples/S7100_240123_1113/05_structural_variations/211896_S7100Nr2228_wgs.cnv.vcf.gz,/cegatbucket/cegatsamples/S7100_240123_1113/05_structural_variations/211896_S7100Nr2228_wgs.sv.vcf.gz,/cegatbucket/cegatsamples/S7100_240123_1113/02_bam/211896_S7100Nr2228_wgs.bam
211897,WGS,S7100_240123_1113,/cegatbucket/cegatsamples/S7100_240123_1113/03_small_variants/211897_S7100Nr2229_wgs.snvs_indels.vcf.gz,/cegatbucket/cegatsamples/S7100_240123_1113/05_structural_variations/211897_S7100Nr2229_wgs.cnv.vcf.gz,/cegatbucket/cegatsamples/S7100_240123_1113/05_structural_variations/211897_S7100Nr2229_wgs.sv.vcf.gz,/cegatbucket/cegatsamples/S7100_240123_1113/02_bam/211897_S7100Nr2229_wgs.bam
211916,WGS,S7100_240123_1113,/cegatbucket/cegatsamples/S7100_240123_1113/03_small_variants/211916_S7100Nr2231_wgs.snvs_indels.vcf.gz,/cegatbucket/cegatsamples/S7100_240123_1113/05_structural_variations/211916_S7100Nr2231_wgs.cnv.vcf.gz,/cegatbucket/cegatsamples/S7100_240123_1113/05_structural_variations/211916_S7100Nr2231_wgs.sv.vcf.gz,/cegatbucket/cegatsamples/S7100_240123_1113/02_bam/211916_S7100Nr2231_wgs.bam
211928,WGS,S7100_240123_1113,/cegatbucket/cegatsamples/S7100_240123_1113/03_small_variants/211928_S7100Nr2249_wgs.snvs_indels.vcf.gz,/cegatbucket/cegatsamples/S7100_240123_1113/05_structural_variations/211928_S7100Nr2249_wgs.cnv.vcf.gz,/cegatbucket/cegatsamples/S7100_240123_1113/05_structural_variations/211928_S7100Nr2249_wgs.sv.vcf.gz,/cegatbucket/cegatsamples/S7100_240123_1113/02_bam/211928_S7100Nr2249_wgs.bam
211931,WGS,S7100_240123_1113,/cegatbucket/cegatsamples/S7100_240123_1113/03_small_variants/211931_S7100Nr2237_wgs.snvs_indels.vcf.gz,/cegatbucket/cegatsamples/S7100_240123_1113/05_structural_variations/211931_S7100Nr2237_wgs.cnv.vcf.gz,/cegatbucket/cegatsamples/S7100_240123_1113/05_structural_variations/211931_S7100Nr2237_wgs.sv.vcf.gz,/cegatbucket/cegatsamples/S7100_240123_1113/02_bam/211931_S7100Nr2237_wgs.bam
211935,WGS,S7100_240123_1113,/cegatbucket/cegatsamples/S7100_240123_1113/03_small_variants/211935_S7100Nr2252_wgs.snvs_indels.vcf.gz,/cegatbucket/cegatsamples/S7100_240123_1113/05_structural_variations/211935_S7100Nr2252_wgs.cnv.vcf.gz,/cegatbucket/cegatsamples/S7100_240123_1113/05_structural_variations/211935_S7100Nr2252_wgs.sv.vcf.gz,/cegatbucket/cegatsamples/S7100_240123_1113/02_bam/211935_S7100Nr2252_wgs.bam
211937,WES,S7100_240123_1256,/cegatbucket/cegatsamples/S7100_240123_1256/03_small_variants/211937_S7100Nr2254_S000021.snvs_indels.vcf.gz,/cegatbucket/cegatsamples/S7100_240123_1256/05_structural_variations/211937_S7100Nr2254_S000021.cnv.vcf.gz,/cegatbucket/cegatsamples/S7100_240123_1256/05_structural_variations/211937_S7100Nr2254_S000021.sv.vcf.gz,/cegatbucket/cegatsamples/S7100_240123_1256/02_bam/211937_S7100Nr2254_S000021.bam
211889,WGS,S7100_240130_0835,/cegatbucket/cegatsamples/S7100_240130_0835/03_small_variants/211889_S7100Nr2208_wgs.snvs_indels.vcf.gz,/cegatbucket/cegatsamples/S7100_240130_0835/05_structural_variations/211889_S7100Nr2208_wgs.cnv.vcf.gz,/cegatbucket/cegatsamples/S7100_240130_0835/05_structural_variations/211889_S7100Nr2208_wgs.sv.vcf.gz,/cegatbucket/cegatsamples/S7100_240130_0835/02_bam/211889_S7100Nr2208_wgs.bam
211894,WGS,S7100_240130_0835,/cegatbucket/cegatsamples/S7100_240130_0835/03_small_variants/211894_S7100Nr2226_wgs.snvs_indels.vcf.gz,/cegatbucket/cegatsamples/S7100_240130_0835/05_structural_variations/211894_S7100Nr2226_wgs.cnv.vcf.gz,/cegatbucket/cegatsamples/S7100_240130_0835/05_structural_variations/211894_S7100Nr2226_wgs.sv.vcf.gz,/cegatbucket/cegatsamples/S7100_240130_0835/02_bam/211894_S7100Nr2226_wgs.bam
211898,WGS,S7100_240130_0835,/cegatbucket/cegatsamples/S7100_240130_0835/03_small_variants/211898_S7100Nr2230_wgs.snvs_indels.vcf.gz,/cegatbucket/cegatsamples/S7100_240130_0835/05_structural_variations/211898_S7100Nr2230_wgs.cnv.vcf.gz,/cegatbucket/cegatsamples/S7100_240130_0835/05_structural_variations/211898_S7100Nr2230_wgs.sv.vcf.gz,/cegatbucket/cegatsamples/S7100_240130_0835/02_bam/211898_S7100Nr2230_wgs.bam
211902,WGS,S7100_240130_0835,/cegatbucket/cegatsamples/S7100_240130_0835/03_small_variants/211902_S7100Nr2210_wgs.snvs_indels.vcf.gz,/cegatbucket/cegatsamples/S7100_240130_0835/05_structural_variations/211902_S7100Nr2210_wgs.cnv.vcf.gz,/cegatbucket/cegatsamples/S7100_240130_0835/05_structural_variations/211902_S7100Nr2210_wgs.sv.vcf.gz,/cegatbucket/cegatsamples/S7100_240130_0835/02_bam/211902_S7100Nr2210_wgs.bam
211912,WGS,S7100_240130_0835,/cegatbucket/cegatsamples/S7100_240130_0835/03_small_variants/211912_S7100Nr2217_wgs.snvs_indels.vcf.gz,/cegatbucket/cegatsamples/S7100_240130_0835/05_structural_variations/211912_S7100Nr2217_wgs.cnv.vcf.gz,/cegatbucket/cegatsamples/S7100_240130_0835/05_structural_variations/211912_S7100Nr2217_wgs.sv.vcf.gz,/cegatbucket/cegatsamples/S7100_240130_0835/02_bam/211912_S7100Nr2217_wgs.bam
211921,WGS,S7100_240130_0835,/cegatbucket/cegatsamples/S7100_240130_0835/03_small_variants/211921_S7100Nr2241_wgs.snvs_indels.vcf.gz,/cegatbucket/cegatsamples/S7100_240130_0835/05_structural_variations/211921_S7100Nr2241_wgs.cnv.vcf.gz,/cegatbucket/cegatsamples/S7100_240130_0835/05_structural_variations/211921_S7100Nr2241_wgs.sv.vcf.gz,/cegatbucket/cegatsamples/S7100_240130_0835/02_bam/211921_S7100Nr2241_wgs.bam
211924,WGS,S7100_240130_0835,/cegatbucket/cegatsamples/S7100_240130_0835/03_small_variants/211924_S7100Nr2236_wgs.snvs_indels.vcf.gz,/cegatbucket/cegatsamples/S7100_240130_0835/05_structural_variations/211924_S7100Nr2236_wgs.cnv.vcf.gz,/cegatbucket/cegatsamples/S7100_240130_0835/05_structural_variations/211924_S7100Nr2236_wgs.sv.vcf.gz,/cegatbucket/cegatsamples/S7100_240130_0835/02_bam/211924_S7100Nr2236_wgs.bam
211925,WGS,S7100_240130_0835,/cegatbucket/cegatsamples/S7100_240130_0835/03_small_variants/211925_S7100Nr2246_wgs.snvs_indels.vcf.gz,/cegatbucket/cegatsamples/S7100_240130_0835/05_structural_variations/211925_S7100Nr2246_wgs.cnv.vcf.gz,/cegatbucket/cegatsamples/S7100_240130_0835/05_structural_variations/211925_S7100Nr2246_wgs.sv.vcf.gz,/cegatbucket/cegatsamples/S7100_240130_0835/02_bam/211925_S7100Nr2246_wgs.bam
211934,WGS,S7100_240130_0835,/cegatbucket/cegatsamples/S7100_240130_0835/03_small_variants/211934_S7100Nr2251_wgs.snvs_indels.vcf.gz,/cegatbucket/cegatsamples/S7100_240130_0835/05_structural_variations/211934_S7100Nr2251_wgs.cnv.vcf.gz,/cegatbucket/cegatsamples/S7100_240130_0835/05_structural_variations/211934_S7100Nr2251_wgs.sv.vcf.gz,/cegatbucket/cegatsamples/S7100_240130_0835/02_bam/211934_S7100Nr2251_wgs.bam
211936,WGS,S7100_240130_0835,/cegatbucket/cegatsamples/S7100_240130_0835/03_small_variants/211936_S7100Nr2253_wgs.snvs_indels.vcf.gz,/cegatbucket/cegatsamples/S7100_240130_0835/05_structural_variations/211936_S7100Nr2253_wgs.cnv.vcf.gz,/cegatbucket/cegatsamples/S7100_240130_0835/05_structural_variations/211936_S7100Nr2253_wgs.sv.vcf.gz,/cegatbucket/cegatsamples/S7100_240130_0835/02_bam/211936_S7100Nr2253_wgs.bam
211938,WGS,S7100_240130_0835,/cegatbucket/cegatsamples/S7100_240130_0835/03_small_variants/211938_S7100Nr2250_wgs.snvs_indels.vcf.gz,/cegatbucket/cegatsamples/S7100_240130_0835/05_structural_variations/211938_S7100Nr2250_wgs.cnv.vcf.gz,/cegatbucket/cegatsamples/S7100_240130_0835/05_structural_variations/211938_S7100Nr2250_wgs.sv.vcf.gz,/cegatbucket/cegatsamples/S7100_240130_0835/02_bam/211938_S7100Nr2250_wgs.bam
211939,WGS,S7100_240130_0835,/cegatbucket/cegatsamples/S7100_240130_0835/03_small_variants/211939_S7100Nr2265_wgs.snvs_indels.vcf.gz,/cegatbucket/cegatsamples/S7100_240130_0835/05_structural_variations/211939_S7100Nr2265_wgs.cnv.vcf.gz,/cegatbucket/cegatsamples/S7100_240130_0835/05_structural_variations/211939_S7100Nr2265_wgs.sv.vcf.gz,/cegatbucket/cegatsamples/S7100_240130_0835/02_bam/211939_S7100Nr2265_wgs.bam
211940,WGS,S7100_240130_0835,/cegatbucket/cegatsamples/S7100_240130_0835/03_small_variants/211940_S7100Nr2259_wgs.snvs_indels.vcf.gz,/cegatbucket/cegatsamples/S7100_240130_0835/05_structural_variations/211940_S7100Nr2259_wgs.cnv.vcf.gz,/cegatbucket/cegatsamples/S7100_240130_0835/05_structural_variations/211940_S7100Nr2259_wgs.sv.vcf.gz,/cegatbucket/cegatsamples/S7100_240130_0835/02_bam/211940_S7100Nr2259_wgs.bam
211941,WGS,S7100_240130_0835,/cegatbucket/cegatsamples/S7100_240130_0835/03_small_variants/211941_S7100Nr2258_wgs.snvs_indels.vcf.gz,/cegatbucket/cegatsamples/S7100_240130_0835/05_structural_variations/211941_S7100Nr2258_wgs.cnv.vcf.gz,/cegatbucket/cegatsamples/S7100_240130_0835/05_structural_variations/211941_S7100Nr2258_wgs.sv.vcf.gz,/cegatbucket/cegatsamples/S7100_240130_0835/02_bam/211941_S7100Nr2258_wgs.bam
211942,WGS,S7100_240130_0835,/cegatbucket/cegatsamples/S7100_240130_0835/03_small_variants/211942_S7100Nr2256_wgs.snvs_indels.vcf.gz,/cegatbucket/cegatsamples/S7100_240130_0835/05_structural_variations/211942_S7100Nr2256_wgs.cnv.vcf.gz,/cegatbucket/cegatsamples/S7100_240130_0835/05_structural_variations/211942_S7100Nr2256_wgs.sv.vcf.gz,/cegatbucket/cegatsamples/S7100_240130_0835/02_bam/211942_S7100Nr2256_wgs.bam
211943,WGS,S7100_240130_0835,/cegatbucket/cegatsamples/S7100_240130_0835/03_small_variants/211943_S7100Nr2261_wgs.snvs_indels.vcf.gz,/cegatbucket/cegatsamples/S7100_240130_0835/05_structural_variations/211943_S7100Nr2261_wgs.cnv.vcf.gz,/cegatbucket/cegatsamples/S7100_240130_0835/05_structural_variations/211943_S7100Nr2261_wgs.sv.vcf.gz,/cegatbucket/cegatsamples/S7100_240130_0835/02_bam/211943_S7100Nr2261_wgs.bam
211944,WGS,S7100_240130_0835,/cegatbucket/cegatsamples/S7100_240130_0835/03_small_variants/211944_S7100Nr2260_wgs.snvs_indels.vcf.gz,/cegatbucket/cegatsamples/S7100_240130_0835/05_structural_variations/211944_S7100Nr2260_wgs.cnv.vcf.gz,/cegatbucket/cegatsamples/S7100_240130_0835/05_structural_variations/211944_S7100Nr2260_wgs.sv.vcf.gz,/cegatbucket/cegatsamples/S7100_240130_0835/02_bam/211944_S7100Nr2260_wgs.bam
211945,WGS,S7100_240130_0835,/cegatbucket/cegatsamples/S7100_240130_0835/03_small_variants/211945_S7100Nr2262_wgs.snvs_indels.vcf.gz,/cegatbucket/cegatsamples/S7100_240130_0835/05_structural_variations/211945_S7100Nr2262_wgs.cnv.vcf.gz,/cegatbucket/cegatsamples/S7100_240130_0835/05_structural_variations/211945_S7100Nr2262_wgs.sv.vcf.gz,/cegatbucket/cegatsamples/S7100_240130_0835/02_bam/211945_S7100Nr2262_wgs.bam
211946,WGS,S7100_240130_0835,/cegatbucket/cegatsamples/S7100_240130_0835/03_small_variants/211946_S7100Nr2257_wgs.snvs_indels.vcf.gz,/cegatbucket/cegatsamples/S7100_240130_0835/05_structural_variations/211946_S7100Nr2257_wgs.cnv.vcf.gz,/cegatbucket/cegatsamples/S7100_240130_0835/05_structural_variations/211946_S7100Nr2257_wgs.sv.vcf.gz,/cegatbucket/cegatsamples/S7100_240130_0835/02_bam/211946_S7100Nr2257_wgs.bam
211947,WGS,S7100_240130_0835,/cegatbucket/cegatsamples/S7100_240130_0835/03_small_variants/211947_S7100Nr2269_wgs.snvs_indels.vcf.gz,/cegatbucket/cegatsamples/S7100_240130_0835/05_structural_variations/211947_S7100Nr2269_wgs.cnv.vcf.gz,/cegatbucket/cegatsamples/S7100_240130_0835/05_structural_variations/211947_S7100Nr2269_wgs.sv.vcf.gz,/cegatbucket/cegatsamples/S7100_240130_0835/02_bam/211947_S7100Nr2269_wgs.bam
211948,WGS,S7100_240130_0835,/cegatbucket/cegatsamples/S7100_240130_0835/03_small_variants/211948_S7100Nr2264_wgs.snvs_indels.vcf.gz,/cegatbucket/cegatsamples/S7100_240130_0835/05_structural_variations/211948_S7100Nr2264_wgs.cnv.vcf.gz,/cegatbucket/cegatsamples/S7100_240130_0835/05_structural_variations/211948_S7100Nr2264_wgs.sv.vcf.gz,/cegatbucket/cegatsamples/S7100_240130_0835/02_bam/211948_S7100Nr2264_wgs.bam
211951,WGS,S7100_240130_0835,/cegatbucket/cegatsamples/S7100_240130_0835/03_small_variants/211951_S7100Nr2270_wgs.snvs_indels.vcf.gz,/cegatbucket/cegatsamples/S7100_240130_0835/05_structural_variations/211951_S7100Nr2270_wgs.cnv.vcf.gz,/cegatbucket/cegatsamples/S7100_240130_0835/05_structural_variations/211951_S7100Nr2270_wgs.sv.vcf.gz,/cegatbucket/cegatsamples/S7100_240130_0835/02_bam/211951_S7100Nr2270_wgs.bam
211952,WGS,S7100_240130_0835,/cegatbucket/cegatsamples/S7100_240130_0835/03_small_variants/211952_S7100Nr2266_wgs.snvs_indels.vcf.gz,/cegatbucket/cegatsamples/S7100_240130_0835/05_structural_variations/211952_S7100Nr2266_wgs.cnv.vcf.gz,/cegatbucket/cegatsamples/S7100_240130_0835/05_structural_variations/211952_S7100Nr2266_wgs.sv.vcf.gz,/cegatbucket/cegatsamples/S7100_240130_0835/02_bam/211952_S7100Nr2266_wgs.bam
211955,WGS,S7100_240130_0835,/cegatbucket/cegatsamples/S7100_240130_0835/03_small_variants/211955_S7100Nr2268_wgs.snvs_indels.vcf.gz,/cegatbucket/cegatsamples/S7100_240130_0835/05_structural_variations/211955_S7100Nr2268_wgs.cnv.vcf.gz,/cegatbucket/cegatsamples/S7100_240130_0835/05_structural_variations/211955_S7100Nr2268_wgs.sv.vcf.gz,/cegatbucket/cegatsamples/S7100_240130_0835/02_bam/211955_S7100Nr2268_wgs.bam
211927,WES,S7100_240130_1135,/cegatbucket/cegatsamples/S7100_240130_1135/03_small_variants/211927_S7100Nr2263_S000021.snvs_indels.vcf.gz,/cegatbucket/cegatsamples/S7100_240130_1135/05_structural_variations/211927_S7100Nr2263_S000021.cnv.vcf.gz,/cegatbucket/cegatsamples/S7100_240130_1135/05_structural_variations/211927_S7100Nr2263_S000021.sv.vcf.gz,/cegatbucket/cegatsamples/S7100_240130_1135/02_bam/211927_S7100Nr2263_S000021.bam
211950,WGS,S7100_240205_0905,/cegatbucket/cegatsamples/S7100_240205_0905/03_small_variants/211950_S7100Nr2272_wgs.snvs_indels.vcf.gz,/cegatbucket/cegatsamples/S7100_240205_0905/05_structural_variations/211950_S7100Nr2272_wgs.cnv.vcf.gz,/cegatbucket/cegatsamples/S7100_240205_0905/05_structural_variations/211950_S7100Nr2272_wgs.sv.vcf.gz,/cegatbucket/cegatsamples/S7100_240205_0905/02_bam/211950_S7100Nr2272_wgs.bam
211953,WGS,S7100_240205_0905,/cegatbucket/cegatsamples/S7100_240205_0905/03_small_variants/211953_S7100Nr2271_wgs.snvs_indels.vcf.gz,/cegatbucket/cegatsamples/S7100_240205_0905/05_structural_variations/211953_S7100Nr2271_wgs.cnv.vcf.gz,/cegatbucket/cegatsamples/S7100_240205_0905/05_structural_variations/211953_S7100Nr2271_wgs.sv.vcf.gz,/cegatbucket/cegatsamples/S7100_240205_0905/02_bam/211953_S7100Nr2271_wgs.bam
