orderid,analysis,runFolder,snsv_vcf,cnv_vcf,sv_vcf,bam,,,,,,,
212786,WGS,N_20240812,/internal-bioinfo/Novogene_samples/N_20240812/03_small_variants/212786_wgs.snvs_indels.vcf.gz,/internal-bioinfo/Novogene_samples/N_20240812/05_structural_variations/212786_wgs.cnv.vcf.gz,/internal-bioinfo/Novogene_samples/N_20240812/05_structural_variations/212786_wgs.sv.vcf.gz,/internal-bioinfo/Novogene_samples/N_20240812/02_bam/212786_wgs.bam,,internal-bioinfo,Novogene_samples,N_20240812,03_small_variants,212786_wgs.snvs_indels.vcf.gz,
212783,WES,N_20240819_wes,/internal-bioinfo/Novogene_samples/N_20240819_wes/03_small_variants/212783_wes.snvs_indels.vcf.gz,/internal-bioinfo/Novogene_samples/N_20240819_wes/05_structural_variations/212783_wes.cnv.vcf.gz,/internal-bioinfo/Novogene_samples/N_20240819_wes/05_structural_variations/212783_wes.sv.vcf.gz,/internal-bioinfo/Novogene_samples/N_20240819_wes/02_bam/212783_wes.bam,,internal-bioinfo,Novogene_samples,N_20240819_wes,03_small_variants,212783_wes.snvs_indels.vcf.gz,
212827,WES,N_20240827_wes,/internal-bioinfo/Novogene_samples/N_20240827_wes/03_small_variants/212827_wes.snvs_indels.vcf.gz,/internal-bioinfo/Novogene_samples/N_20240827_wes/05_structural_variations/212827_wes.cnv.vcf.gz,/internal-bioinfo/Novogene_samples/N_20240827_wes/05_structural_variations/212827_wes.sv.vcf.gz,/internal-bioinfo/Novogene_samples/N_20240827_wes/02_bam/212827_wes.bam,,internal-bioinfo,Novogene_samples,N_20240827_wes,03_small_variants,212827_wes.snvs_indels.vcf.gz,
212829,WES,N_20240827_wes,/internal-bioinfo/Novogene_samples/N_20240827_wes/03_small_variants/212829_wes.snvs_indels.vcf.gz,/internal-bioinfo/Novogene_samples/N_20240827_wes/05_structural_variations/212829_wes.cnv.vcf.gz,/internal-bioinfo/Novogene_samples/N_20240827_wes/05_structural_variations/212829_wes.sv.vcf.gz,/internal-bioinfo/Novogene_samples/N_20240827_wes/02_bam/212829_wes.bam,,internal-bioinfo,Novogene_samples,N_20240827_wes,03_small_variants,212829_wes.snvs_indels.vcf.gz,
212848,WES,N_20240828_wes,/internal-bioinfo/Novogene_samples/N_20240828_wes/03_small_variants/212848_wes.snvs_indels.vcf.gz,/internal-bioinfo/Novogene_samples/N_20240828_wes/05_structural_variations/212848_wes.cnv.vcf.gz,/internal-bioinfo/Novogene_samples/N_20240828_wes/05_structural_variations/212848_wes.sv.vcf.gz,/internal-bioinfo/Novogene_samples/N_20240828_wes/02_bam/212848_wes.bam,,internal-bioinfo,Novogene_samples,N_20240828_wes,03_small_variants,212848_wes.snvs_indels.vcf.gz,
212851,WES,N_20240828_wes,/internal-bioinfo/Novogene_samples/N_20240828_wes/03_small_variants/212851_wes.snvs_indels.vcf.gz,/internal-bioinfo/Novogene_samples/N_20240828_wes/05_structural_variations/212851_wes.cnv.vcf.gz,/internal-bioinfo/Novogene_samples/N_20240828_wes/05_structural_variations/212851_wes.sv.vcf.gz,/internal-bioinfo/Novogene_samples/N_20240828_wes/02_bam/212851_wes.bam,,internal-bioinfo,Novogene_samples,N_20240828_wes,03_small_variants,212851_wes.snvs_indels.vcf.gz,
212899,WES,N_20240828_wes,/internal-bioinfo/Novogene_samples/N_20240828_wes/03_small_variants/212899_wes.snvs_indels.vcf.gz,/internal-bioinfo/Novogene_samples/N_20240828_wes/05_structural_variations/212899_wes.cnv.vcf.gz,/internal-bioinfo/Novogene_samples/N_20240828_wes/05_structural_variations/212899_wes.sv.vcf.gz,/internal-bioinfo/Novogene_samples/N_20240828_wes/02_bam/212899_wes.bam,,internal-bioinfo,Novogene_samples,N_20240828_wes,03_small_variants,212899_wes.snvs_indels.vcf.gz,
212900,WES,N_20240828_wes,/internal-bioinfo/Novogene_samples/N_20240828_wes/03_small_variants/212900_wes.snvs_indels.vcf.gz,/internal-bioinfo/Novogene_samples/N_20240828_wes/05_structural_variations/212900_wes.cnv.vcf.gz,/internal-bioinfo/Novogene_samples/N_20240828_wes/05_structural_variations/212900_wes.sv.vcf.gz,/internal-bioinfo/Novogene_samples/N_20240828_wes/02_bam/212900_wes.bam,,internal-bioinfo,Novogene_samples,N_20240828_wes,03_small_variants,212900_wes.snvs_indels.vcf.gz,
212905,WES,N_20240828_wes,/internal-bioinfo/Novogene_samples/N_20240828_wes/03_small_variants/212905_wes.snvs_indels.vcf.gz,/internal-bioinfo/Novogene_samples/N_20240828_wes/05_structural_variations/212905_wes.cnv.vcf.gz,/internal-bioinfo/Novogene_samples/N_20240828_wes/05_structural_variations/212905_wes.sv.vcf.gz,/internal-bioinfo/Novogene_samples/N_20240828_wes/02_bam/212905_wes.bam,,internal-bioinfo,Novogene_samples,N_20240828_wes,03_small_variants,212905_wes.snvs_indels.vcf.gz,
212909,WES,N_20240828_wes,/internal-bioinfo/Novogene_samples/N_20240828_wes/03_small_variants/212909_wes.snvs_indels.vcf.gz,/internal-bioinfo/Novogene_samples/N_20240828_wes/05_structural_variations/212909_wes.cnv.vcf.gz,/internal-bioinfo/Novogene_samples/N_20240828_wes/05_structural_variations/212909_wes.sv.vcf.gz,/internal-bioinfo/Novogene_samples/N_20240828_wes/02_bam/212909_wes.bam,,internal-bioinfo,Novogene_samples,N_20240828_wes,03_small_variants,212909_wes.snvs_indels.vcf.gz,
212910,WES,N_20240828_wes,/internal-bioinfo/Novogene_samples/N_20240828_wes/03_small_variants/212910_wes.snvs_indels.vcf.gz,/internal-bioinfo/Novogene_samples/N_20240828_wes/05_structural_variations/212910_wes.cnv.vcf.gz,/internal-bioinfo/Novogene_samples/N_20240828_wes/05_structural_variations/212910_wes.sv.vcf.gz,/internal-bioinfo/Novogene_samples/N_20240828_wes/02_bam/212910_wes.bam,,internal-bioinfo,Novogene_samples,N_20240828_wes,03_small_variants,212910_wes.snvs_indels.vcf.gz,
212801,WGS,N_20240903_wgs,/internal-bioinfo/Novogene_samples/N_20240903_wgs/03_small_variants/212801_wgs.snvs_indels.vcf.gz,/internal-bioinfo/Novogene_samples/N_20240903_wgs/05_structural_variations/212801_wgs.cnv.vcf.gz,/internal-bioinfo/Novogene_samples/N_20240903_wgs/05_structural_variations/212801_wgs.sv.vcf.gz,/internal-bioinfo/Novogene_samples/N_20240903_wgs/02_bam/212801_wgs.bam,,internal-bioinfo,Novogene_samples,N_20240903_wgs,03_small_variants,212801_wgs.snvs_indels.vcf.gz,
213548,WGS,EB20250128,/internal-bioinfo/Sample2Report_viaArcDragen/EB20250128/03_small_variants/213548_wgs.snvs_indels.vcf.gz,/internal-bioinfo/Sample2Report_viaArcDragen/EB20250128/05_structural_variations/213548_wgs.cnv.vcf.gz,/internal-bioinfo/Sample2Report_viaArcDragen/EB20250128/05_structural_variations/213548_wgs.sv.vcf.gz,/internal-bioinfo/Sample2Report_viaArcDragen/EB20250128/02_bam/213548_wgs.bam,,internal-bioinfo,Sample2Report_viaArcDragen,EB20250128,03_small_variants,213548_wgs.snvs_indels.vcf.gz,
213549,WGS,EB20250128,/internal-bioinfo/Sample2Report_viaArcDragen/EB20250128/03_small_variants/213549_wgs.snvs_indels.vcf.gz,/internal-bioinfo/Sample2Report_viaArcDragen/EB20250128/05_structural_variations/213549_wgs.cnv.vcf.gz,/internal-bioinfo/Sample2Report_viaArcDragen/EB20250128/05_structural_variations/213549_wgs.sv.vcf.gz,/internal-bioinfo/Sample2Report_viaArcDragen/EB20250128/02_bam/213549_wgs.bam,,internal-bioinfo,Sample2Report_viaArcDragen,EB20250128,03_small_variants,213549_wgs.snvs_indels.vcf.gz,
213550,WGS,EB20250128,/internal-bioinfo/Sample2Report_viaArcDragen/EB20250128/03_small_variants/213550_wgs.snvs_indels.vcf.gz,/internal-bioinfo/Sample2Report_viaArcDragen/EB20250128/05_structural_variations/213550_wgs.cnv.vcf.gz,/internal-bioinfo/Sample2Report_viaArcDragen/EB20250128/05_structural_variations/213550_wgs.sv.vcf.gz,/internal-bioinfo/Sample2Report_viaArcDragen/EB20250128/02_bam/213550_wgs.bam,,internal-bioinfo,Sample2Report_viaArcDragen,EB20250128,03_small_variants,213550_wgs.snvs_indels.vcf.gz,
213768,WES,ML20250303,/internal-bioinfo/Sample2Report_viaArcDragen/Medlabs/ML20250303/03_small_variants/213768_wes.snvs_indels.vcf.gz,/internal-bioinfo/Sample2Report_viaArcDragen/Medlabs/ML20250303/05_structural_variations/213768_wes.cnv.vcf.gz,/internal-bioinfo/Sample2Report_viaArcDragen/Medlabs/ML20250303/05_structural_variations/213768_wes.sv.vcf.gz,/internal-bioinfo/Sample2Report_viaArcDragen/Medlabs/ML20250303/02_bam/213768_wes.bam,,internal-bioinfo,Sample2Report_viaArcDragen,Medlabs,ML20250303,03_small_variants,213768_wes.snvs_indels.vcf.gz
213769,WES,ML20250303,/internal-bioinfo/Sample2Report_viaArcDragen/Medlabs/ML20250303/03_small_variants/213769_wes.snvs_indels.vcf.gz,/internal-bioinfo/Sample2Report_viaArcDragen/Medlabs/ML20250303/05_structural_variations/213769_wes.cnv.vcf.gz,/internal-bioinfo/Sample2Report_viaArcDragen/Medlabs/ML20250303/05_structural_variations/213769_wes.sv.vcf.gz,/internal-bioinfo/Sample2Report_viaArcDragen/Medlabs/ML20250303/02_bam/213769_wes.bam,,internal-bioinfo,Sample2Report_viaArcDragen,Medlabs,ML20250303,03_small_variants,213769_wes.snvs_indels.vcf.gz
213770,WES,ML20250303,/internal-bioinfo/Sample2Report_viaArcDragen/Medlabs/ML20250303/03_small_variants/213770_wes.snvs_indels.vcf.gz,/internal-bioinfo/Sample2Report_viaArcDragen/Medlabs/ML20250303/05_structural_variations/213770_wes.cnv.vcf.gz,/internal-bioinfo/Sample2Report_viaArcDragen/Medlabs/ML20250303/05_structural_variations/213770_wes.sv.vcf.gz,/internal-bioinfo/Sample2Report_viaArcDragen/Medlabs/ML20250303/02_bam/213770_wes.bam,,internal-bioinfo,Sample2Report_viaArcDragen,Medlabs,ML20250303,03_small_variants,213770_wes.snvs_indels.vcf.gz
213956,WGS,ML20250422,/internal-bioinfo/Sample2Report_viaArcDragen/Medlabs/ML20250422/03_small_variants/213956_wgs.snvs_indels.vcf.gz,/internal-bioinfo/Sample2Report_viaArcDragen/Medlabs/ML20250422/05_structural_variations/213956_wgs.cnv.vcf.gz,/internal-bioinfo/Sample2Report_viaArcDragen/Medlabs/ML20250422/05_structural_variations/213956_wgs.sv.vcf.gz,/internal-bioinfo/Sample2Report_viaArcDragen/Medlabs/ML20250422/02_bam/213956_wgs.bam,,internal-bioinfo,Sample2Report_viaArcDragen,Medlabs,ML20250422,03_small_variants,213956_wgs.snvs_indels.vcf.gz
214065,WGS,ML20250507,/internal-bioinfo/Sample2Report_viaArcDragen/Medlabs/ML20250507/03_small_variants/214065_wgs.snvs_indels.vcf.gz,/internal-bioinfo/Sample2Report_viaArcDragen/Medlabs/ML20250507/05_structural_variations/214065_wgs.cnv.vcf.gz,/internal-bioinfo/Sample2Report_viaArcDragen/Medlabs/ML20250507/05_structural_variations/214065_wgs.sv.vcf.gz,/internal-bioinfo/Sample2Report_viaArcDragen/Medlabs/ML20250507/02_bam/214065_wgs.bam,,internal-bioinfo,Sample2Report_viaArcDragen,Medlabs,ML20250507,03_small_variants,214065_wgs.snvs_indels.vcf.gz
214066,WGS,ML20250507,/internal-bioinfo/Sample2Report_viaArcDragen/Medlabs/ML20250507/03_small_variants/214066_wgs.snvs_indels.vcf.gz,/internal-bioinfo/Sample2Report_viaArcDragen/Medlabs/ML20250507/05_structural_variations/214066_wgs.cnv.vcf.gz,/internal-bioinfo/Sample2Report_viaArcDragen/Medlabs/ML20250507/05_structural_variations/214066_wgs.sv.vcf.gz,/internal-bioinfo/Sample2Report_viaArcDragen/Medlabs/ML20250507/02_bam/214066_wgs.bam,,internal-bioinfo,Sample2Report_viaArcDragen,Medlabs,ML20250507,03_small_variants,214066_wgs.snvs_indels.vcf.gz
214059,WGS,ML20250508,/internal-bioinfo/Sample2Report_viaArcDragen/Medlabs/ML20250508/03_small_variants/214059_wgs.snvs_indels.vcf.gz,/internal-bioinfo/Sample2Report_viaArcDragen/Medlabs/ML20250508/05_structural_variations/214059_wgs.cnv.vcf.gz,/internal-bioinfo/Sample2Report_viaArcDragen/Medlabs/ML20250508/05_structural_variations/214059_wgs.sv.vcf.gz,/internal-bioinfo/Sample2Report_viaArcDragen/Medlabs/ML20250508/02_bam/214059_wgs.bam,,internal-bioinfo,Sample2Report_viaArcDragen,Medlabs,ML20250508,03_small_variants,214059_wgs.snvs_indels.vcf.gz
213827,WES,MD20250502_WES_cram,/internal-bioinfo/Sample2Report_viaArcDragen/mendelics/MD20250502_WES_cram/03_small_variants/213827_wes.snvs_indels.vcf.gz,/internal-bioinfo/Sample2Report_viaArcDragen/mendelics/MD20250502_WES_cram/05_structural_variations/213827_wes.cnv.vcf.gz,/internal-bioinfo/Sample2Report_viaArcDragen/mendelics/MD20250502_WES_cram/05_structural_variations/213827_wes.sv.vcf.gz,/internal-bioinfo/Sample2Report_viaArcDragen/mendelics/MD20250502_WES_cram/02_bam/213827_wes.cram,,internal-bioinfo,Sample2Report_viaArcDragen,mendelics,MD20250502_WES_cram,03_small_variants,213827_wes.snvs_indels.vcf.gz
213828,WES,MD20250502_WES_cram,/internal-bioinfo/Sample2Report_viaArcDragen/mendelics/MD20250502_WES_cram/03_small_variants/213828_wes.snvs_indels.vcf.gz,/internal-bioinfo/Sample2Report_viaArcDragen/mendelics/MD20250502_WES_cram/05_structural_variations/213828_wes.cnv.vcf.gz,/internal-bioinfo/Sample2Report_viaArcDragen/mendelics/MD20250502_WES_cram/05_structural_variations/213828_wes.sv.vcf.gz,/internal-bioinfo/Sample2Report_viaArcDragen/mendelics/MD20250502_WES_cram/02_bam/213828_wes.cram,,internal-bioinfo,Sample2Report_viaArcDragen,mendelics,MD20250502_WES_cram,03_small_variants,213828_wes.snvs_indels.vcf.gz
213829,WES,MD20250502_WES_cram,/internal-bioinfo/Sample2Report_viaArcDragen/mendelics/MD20250502_WES_cram/03_small_variants/213829_wes.snvs_indels.vcf.gz,/internal-bioinfo/Sample2Report_viaArcDragen/mendelics/MD20250502_WES_cram/05_structural_variations/213829_wes.cnv.vcf.gz,/internal-bioinfo/Sample2Report_viaArcDragen/mendelics/MD20250502_WES_cram/05_structural_variations/213829_wes.sv.vcf.gz,/internal-bioinfo/Sample2Report_viaArcDragen/mendelics/MD20250502_WES_cram/02_bam/213829_wes.cram,,internal-bioinfo,Sample2Report_viaArcDragen,mendelics,MD20250502_WES_cram,03_small_variants,213829_wes.snvs_indels.vcf.gz
213830,WES,MD20250502_WES_cram,/internal-bioinfo/Sample2Report_viaArcDragen/mendelics/MD20250502_WES_cram/03_small_variants/213830_wes.snvs_indels.vcf.gz,/internal-bioinfo/Sample2Report_viaArcDragen/mendelics/MD20250502_WES_cram/05_structural_variations/213830_wes.cnv.vcf.gz,/internal-bioinfo/Sample2Report_viaArcDragen/mendelics/MD20250502_WES_cram/05_structural_variations/213830_wes.sv.vcf.gz,/internal-bioinfo/Sample2Report_viaArcDragen/mendelics/MD20250502_WES_cram/02_bam/213830_wes.cram,,internal-bioinfo,Sample2Report_viaArcDragen,mendelics,MD20250502_WES_cram,03_small_variants,213830_wes.snvs_indels.vcf.gz
213831,WES,MD20250502_WES_cram,/internal-bioinfo/Sample2Report_viaArcDragen/mendelics/MD20250502_WES_cram/03_small_variants/213831_wes.snvs_indels.vcf.gz,/internal-bioinfo/Sample2Report_viaArcDragen/mendelics/MD20250502_WES_cram/05_structural_variations/213831_wes.cnv.vcf.gz,/internal-bioinfo/Sample2Report_viaArcDragen/mendelics/MD20250502_WES_cram/05_structural_variations/213831_wes.sv.vcf.gz,/internal-bioinfo/Sample2Report_viaArcDragen/mendelics/MD20250502_WES_cram/02_bam/213831_wes.cram,,internal-bioinfo,Sample2Report_viaArcDragen,mendelics,MD20250502_WES_cram,03_small_variants,213831_wes.snvs_indels.vcf.gz
213832,WES,MD20250502_WES_cram,/internal-bioinfo/Sample2Report_viaArcDragen/mendelics/MD20250502_WES_cram/03_small_variants/213832_wes.snvs_indels.vcf.gz,/internal-bioinfo/Sample2Report_viaArcDragen/mendelics/MD20250502_WES_cram/05_structural_variations/213832_wes.cnv.vcf.gz,/internal-bioinfo/Sample2Report_viaArcDragen/mendelics/MD20250502_WES_cram/05_structural_variations/213832_wes.sv.vcf.gz,/internal-bioinfo/Sample2Report_viaArcDragen/mendelics/MD20250502_WES_cram/02_bam/213832_wes.cram,,internal-bioinfo,Sample2Report_viaArcDragen,mendelics,MD20250502_WES_cram,03_small_variants,213832_wes.snvs_indels.vcf.gz
213833,WES,MD20250502_WES_cram,/internal-bioinfo/Sample2Report_viaArcDragen/mendelics/MD20250502_WES_cram/03_small_variants/213833_wes.snvs_indels.vcf.gz,/internal-bioinfo/Sample2Report_viaArcDragen/mendelics/MD20250502_WES_cram/05_structural_variations/213833_wes.cnv.vcf.gz,/internal-bioinfo/Sample2Report_viaArcDragen/mendelics/MD20250502_WES_cram/05_structural_variations/213833_wes.sv.vcf.gz,/internal-bioinfo/Sample2Report_viaArcDragen/mendelics/MD20250502_WES_cram/02_bam/213833_wes.cram,,internal-bioinfo,Sample2Report_viaArcDragen,mendelics,MD20250502_WES_cram,03_small_variants,213833_wes.snvs_indels.vcf.gz
213834,WES,MD20250502_WES_cram,/internal-bioinfo/Sample2Report_viaArcDragen/mendelics/MD20250502_WES_cram/03_small_variants/213834_wes.snvs_indels.vcf.gz,/internal-bioinfo/Sample2Report_viaArcDragen/mendelics/MD20250502_WES_cram/05_structural_variations/213834_wes.cnv.vcf.gz,/internal-bioinfo/Sample2Report_viaArcDragen/mendelics/MD20250502_WES_cram/05_structural_variations/213834_wes.sv.vcf.gz,/internal-bioinfo/Sample2Report_viaArcDragen/mendelics/MD20250502_WES_cram/02_bam/213834_wes.cram,,internal-bioinfo,Sample2Report_viaArcDragen,mendelics,MD20250502_WES_cram,03_small_variants,213834_wes.snvs_indels.vcf.gz
213835,WES,MD20250502_WES_cram,/internal-bioinfo/Sample2Report_viaArcDragen/mendelics/MD20250502_WES_cram/03_small_variants/213835_wes.snvs_indels.vcf.gz,/internal-bioinfo/Sample2Report_viaArcDragen/mendelics/MD20250502_WES_cram/05_structural_variations/213835_wes.cnv.vcf.gz,/internal-bioinfo/Sample2Report_viaArcDragen/mendelics/MD20250502_WES_cram/05_structural_variations/213835_wes.sv.vcf.gz,/internal-bioinfo/Sample2Report_viaArcDragen/mendelics/MD20250502_WES_cram/02_bam/213835_wes.cram,,internal-bioinfo,Sample2Report_viaArcDragen,mendelics,MD20250502_WES_cram,03_small_variants,213835_wes.snvs_indels.vcf.gz
213836,WES,MD20250502_WES_cram,/internal-bioinfo/Sample2Report_viaArcDragen/mendelics/MD20250502_WES_cram/03_small_variants/213836_wes.snvs_indels.vcf.gz,/internal-bioinfo/Sample2Report_viaArcDragen/mendelics/MD20250502_WES_cram/05_structural_variations/213836_wes.cnv.vcf.gz,/internal-bioinfo/Sample2Report_viaArcDragen/mendelics/MD20250502_WES_cram/05_structural_variations/213836_wes.sv.vcf.gz,/internal-bioinfo/Sample2Report_viaArcDragen/mendelics/MD20250502_WES_cram/02_bam/213836_wes.cram,,internal-bioinfo,Sample2Report_viaArcDragen,mendelics,MD20250502_WES_cram,03_small_variants,213836_wes.snvs_indels.vcf.gz
213837,WES,MD20250502_WES_cram,/internal-bioinfo/Sample2Report_viaArcDragen/mendelics/MD20250502_WES_cram/03_small_variants/213837_wes.snvs_indels.vcf.gz,/internal-bioinfo/Sample2Report_viaArcDragen/mendelics/MD20250502_WES_cram/05_structural_variations/213837_wes.cnv.vcf.gz,/internal-bioinfo/Sample2Report_viaArcDragen/mendelics/MD20250502_WES_cram/05_structural_variations/213837_wes.sv.vcf.gz,/internal-bioinfo/Sample2Report_viaArcDragen/mendelics/MD20250502_WES_cram/02_bam/213837_wes.cram,,internal-bioinfo,Sample2Report_viaArcDragen,mendelics,MD20250502_WES_cram,03_small_variants,213837_wes.snvs_indels.vcf.gz
213838,WES,MD20250502_WES_cram,/internal-bioinfo/Sample2Report_viaArcDragen/mendelics/MD20250502_WES_cram/03_small_variants/213838_wes.snvs_indels.vcf.gz,/internal-bioinfo/Sample2Report_viaArcDragen/mendelics/MD20250502_WES_cram/05_structural_variations/213838_wes.cnv.vcf.gz,/internal-bioinfo/Sample2Report_viaArcDragen/mendelics/MD20250502_WES_cram/05_structural_variations/213838_wes.sv.vcf.gz,/internal-bioinfo/Sample2Report_viaArcDragen/mendelics/MD20250502_WES_cram/02_bam/213838_wes.cram,,internal-bioinfo,Sample2Report_viaArcDragen,mendelics,MD20250502_WES_cram,03_small_variants,213838_wes.snvs_indels.vcf.gz
213839,WES,MD20250502_WES_cram,/internal-bioinfo/Sample2Report_viaArcDragen/mendelics/MD20250502_WES_cram/03_small_variants/213839_wes.snvs_indels.vcf.gz,/internal-bioinfo/Sample2Report_viaArcDragen/mendelics/MD20250502_WES_cram/05_structural_variations/213839_wes.cnv.vcf.gz,/internal-bioinfo/Sample2Report_viaArcDragen/mendelics/MD20250502_WES_cram/05_structural_variations/213839_wes.sv.vcf.gz,/internal-bioinfo/Sample2Report_viaArcDragen/mendelics/MD20250502_WES_cram/02_bam/213839_wes.cram,,internal-bioinfo,Sample2Report_viaArcDragen,mendelics,MD20250502_WES_cram,03_small_variants,213839_wes.snvs_indels.vcf.gz
213840,WES,MD20250502_WES_cram,/internal-bioinfo/Sample2Report_viaArcDragen/mendelics/MD20250502_WES_cram/03_small_variants/213840_wes.snvs_indels.vcf.gz,/internal-bioinfo/Sample2Report_viaArcDragen/mendelics/MD20250502_WES_cram/05_structural_variations/213840_wes.cnv.vcf.gz,/internal-bioinfo/Sample2Report_viaArcDragen/mendelics/MD20250502_WES_cram/05_structural_variations/213840_wes.sv.vcf.gz,/internal-bioinfo/Sample2Report_viaArcDragen/mendelics/MD20250502_WES_cram/02_bam/213840_wes.cram,,internal-bioinfo,Sample2Report_viaArcDragen,mendelics,MD20250502_WES_cram,03_small_variants,213840_wes.snvs_indels.vcf.gz
213841,WES,MD20250502_WES_cram,/internal-bioinfo/Sample2Report_viaArcDragen/mendelics/MD20250502_WES_cram/03_small_variants/213841_wes.snvs_indels.vcf.gz,/internal-bioinfo/Sample2Report_viaArcDragen/mendelics/MD20250502_WES_cram/05_structural_variations/213841_wes.cnv.vcf.gz,/internal-bioinfo/Sample2Report_viaArcDragen/mendelics/MD20250502_WES_cram/05_structural_variations/213841_wes.sv.vcf.gz,/internal-bioinfo/Sample2Report_viaArcDragen/mendelics/MD20250502_WES_cram/02_bam/213841_wes.cram,,internal-bioinfo,Sample2Report_viaArcDragen,mendelics,MD20250502_WES_cram,03_small_variants,213841_wes.snvs_indels.vcf.gz
213842,WES,MD20250502_WES_cram,/internal-bioinfo/Sample2Report_viaArcDragen/mendelics/MD20250502_WES_cram/03_small_variants/213842_wes.snvs_indels.vcf.gz,/internal-bioinfo/Sample2Report_viaArcDragen/mendelics/MD20250502_WES_cram/05_structural_variations/213842_wes.cnv.vcf.gz,/internal-bioinfo/Sample2Report_viaArcDragen/mendelics/MD20250502_WES_cram/05_structural_variations/213842_wes.sv.vcf.gz,/internal-bioinfo/Sample2Report_viaArcDragen/mendelics/MD20250502_WES_cram/02_bam/213842_wes.cram,,internal-bioinfo,Sample2Report_viaArcDragen,mendelics,MD20250502_WES_cram,03_small_variants,213842_wes.snvs_indels.vcf.gz
213843,WES,MD20250502_WES_cram,/internal-bioinfo/Sample2Report_viaArcDragen/mendelics/MD20250502_WES_cram/03_small_variants/213843_wes.snvs_indels.vcf.gz,/internal-bioinfo/Sample2Report_viaArcDragen/mendelics/MD20250502_WES_cram/05_structural_variations/213843_wes.cnv.vcf.gz,/internal-bioinfo/Sample2Report_viaArcDragen/mendelics/MD20250502_WES_cram/05_structural_variations/213843_wes.sv.vcf.gz,/internal-bioinfo/Sample2Report_viaArcDragen/mendelics/MD20250502_WES_cram/02_bam/213843_wes.cram,,internal-bioinfo,Sample2Report_viaArcDragen,mendelics,MD20250502_WES_cram,03_small_variants,213843_wes.snvs_indels.vcf.gz
213844,WES,MD20250502_WES_cram,/internal-bioinfo/Sample2Report_viaArcDragen/mendelics/MD20250502_WES_cram/03_small_variants/213844_wes.snvs_indels.vcf.gz,/internal-bioinfo/Sample2Report_viaArcDragen/mendelics/MD20250502_WES_cram/05_structural_variations/213844_wes.cnv.vcf.gz,/internal-bioinfo/Sample2Report_viaArcDragen/mendelics/MD20250502_WES_cram/05_structural_variations/213844_wes.sv.vcf.gz,/internal-bioinfo/Sample2Report_viaArcDragen/mendelics/MD20250502_WES_cram/02_bam/213844_wes.cram,,internal-bioinfo,Sample2Report_viaArcDragen,mendelics,MD20250502_WES_cram,03_small_variants,213844_wes.snvs_indels.vcf.gz
213845,WES,MD20250502_WES_cram,/internal-bioinfo/Sample2Report_viaArcDragen/mendelics/MD20250502_WES_cram/03_small_variants/213845_wes.snvs_indels.vcf.gz,/internal-bioinfo/Sample2Report_viaArcDragen/mendelics/MD20250502_WES_cram/05_structural_variations/213845_wes.cnv.vcf.gz,/internal-bioinfo/Sample2Report_viaArcDragen/mendelics/MD20250502_WES_cram/05_structural_variations/213845_wes.sv.vcf.gz,/internal-bioinfo/Sample2Report_viaArcDragen/mendelics/MD20250502_WES_cram/02_bam/213845_wes.cram,,internal-bioinfo,Sample2Report_viaArcDragen,mendelics,MD20250502_WES_cram,03_small_variants,213845_wes.snvs_indels.vcf.gz
213579,WES,MDX20250212_WES,/internal-bioinfo/Sample2Report_viaArcDragen/mendelics/MDX20250212_WES/03_small_variants/213579_wes.snvs_indels.vcf.gz,/internal-bioinfo/Sample2Report_viaArcDragen/mendelics/MDX20250212_WES/05_structural_variations/213579_wes.cnv.vcf.gz,/internal-bioinfo/Sample2Report_viaArcDragen/mendelics/MDX20250212_WES/05_structural_variations/213579_wes.sv.vcf.gz,/internal-bioinfo/Sample2Report_viaArcDragen/mendelics/MDX20250212_WES/02_bam/213579_wes.bam,,internal-bioinfo,Sample2Report_viaArcDragen,mendelics,MDX20250212_WES,03_small_variants,213579_wes.snvs_indels.vcf.gz
213580,WES,MDX20250212_WES,/internal-bioinfo/Sample2Report_viaArcDragen/mendelics/MDX20250212_WES/03_small_variants/213580_wes.snvs_indels.vcf.gz,/internal-bioinfo/Sample2Report_viaArcDragen/mendelics/MDX20250212_WES/05_structural_variations/213580_wes.cnv.vcf.gz,/internal-bioinfo/Sample2Report_viaArcDragen/mendelics/MDX20250212_WES/05_structural_variations/213580_wes.sv.vcf.gz,/internal-bioinfo/Sample2Report_viaArcDragen/mendelics/MDX20250212_WES/02_bam/213580_wes.bam,,internal-bioinfo,Sample2Report_viaArcDragen,mendelics,MDX20250212_WES,03_small_variants,213580_wes.snvs_indels.vcf.gz
213581,WES,MDX20250212_WES,/internal-bioinfo/Sample2Report_viaArcDragen/mendelics/MDX20250212_WES/03_small_variants/213581_wes.snvs_indels.vcf.gz,/internal-bioinfo/Sample2Report_viaArcDragen/mendelics/MDX20250212_WES/05_structural_variations/213581_wes.cnv.vcf.gz,/internal-bioinfo/Sample2Report_viaArcDragen/mendelics/MDX20250212_WES/05_structural_variations/213581_wes.sv.vcf.gz,/internal-bioinfo/Sample2Report_viaArcDragen/mendelics/MDX20250212_WES/02_bam/213581_wes.bam,,internal-bioinfo,Sample2Report_viaArcDragen,mendelics,MDX20250212_WES,03_small_variants,213581_wes.snvs_indels.vcf.gz
213582,WES,MDX20250212_WES,/internal-bioinfo/Sample2Report_viaArcDragen/mendelics/MDX20250212_WES/03_small_variants/213582_wes.snvs_indels.vcf.gz,/internal-bioinfo/Sample2Report_viaArcDragen/mendelics/MDX20250212_WES/05_structural_variations/213582_wes.cnv.vcf.gz,/internal-bioinfo/Sample2Report_viaArcDragen/mendelics/MDX20250212_WES/05_structural_variations/213582_wes.sv.vcf.gz,/internal-bioinfo/Sample2Report_viaArcDragen/mendelics/MDX20250212_WES/02_bam/213582_wes.bam,,internal-bioinfo,Sample2Report_viaArcDragen,mendelics,MDX20250212_WES,03_small_variants,213582_wes.snvs_indels.vcf.gz
213583,WES,MDX20250212_WES,/internal-bioinfo/Sample2Report_viaArcDragen/mendelics/MDX20250212_WES/03_small_variants/213583_wes.snvs_indels.vcf.gz,/internal-bioinfo/Sample2Report_viaArcDragen/mendelics/MDX20250212_WES/05_structural_variations/213583_wes.cnv.vcf.gz,/internal-bioinfo/Sample2Report_viaArcDragen/mendelics/MDX20250212_WES/05_structural_variations/213583_wes.sv.vcf.gz,/internal-bioinfo/Sample2Report_viaArcDragen/mendelics/MDX20250212_WES/02_bam/213583_wes.bam,,internal-bioinfo,Sample2Report_viaArcDragen,mendelics,MDX20250212_WES,03_small_variants,213583_wes.snvs_indels.vcf.gz
213584,WES,MDX20250212_WES,/internal-bioinfo/Sample2Report_viaArcDragen/mendelics/MDX20250212_WES/03_small_variants/213584_wes.snvs_indels.vcf.gz,/internal-bioinfo/Sample2Report_viaArcDragen/mendelics/MDX20250212_WES/05_structural_variations/213584_wes.cnv.vcf.gz,/internal-bioinfo/Sample2Report_viaArcDragen/mendelics/MDX20250212_WES/05_structural_variations/213584_wes.sv.vcf.gz,/internal-bioinfo/Sample2Report_viaArcDragen/mendelics/MDX20250212_WES/02_bam/213584_wes.bam,,internal-bioinfo,Sample2Report_viaArcDragen,mendelics,MDX20250212_WES,03_small_variants,213584_wes.snvs_indels.vcf.gz
213578,WES,MDX20250219_WES,/internal-bioinfo/Sample2Report_viaArcDragen/mendelics/MDX20250219_WES/03_small_variants/213578_wes.snvs_indels.vcf.gz,/internal-bioinfo/Sample2Report_viaArcDragen/mendelics/MDX20250219_WES/05_structural_variations/213578_wes.cnv.vcf.gz,/internal-bioinfo/Sample2Report_viaArcDragen/mendelics/MDX20250219_WES/05_structural_variations/213578_wes.sv.vcf.gz,/internal-bioinfo/Sample2Report_viaArcDragen/mendelics/MDX20250219_WES/02_bam/213578_wes.bam,,internal-bioinfo,Sample2Report_viaArcDragen,mendelics,MDX20250219_WES,03_small_variants,213578_wes.snvs_indels.vcf.gz
213603,WGS,S213603_wgs,/internal-bioinfo/Sample2Report_viaArcDragen/S213603_wgs/03_small_variants/213603_wgs.snvs_indels.vcf.gz,/internal-bioinfo/Sample2Report_viaArcDragen/S213603_wgs/05_structural_variations/213603_wgs.cnv.vcf.gz,/internal-bioinfo/Sample2Report_viaArcDragen/S213603_wgs/05_structural_variations/213603_wgs.sv.vcf.gz,/internal-bioinfo/Sample2Report_viaArcDragen/S213603_wgs/02_bam/213603_wgs.bam,,internal-bioinfo,Sample2Report_viaArcDragen,S213603_wgs,03_small_variants,213603_wgs.snvs_indels.vcf.gz,
